"","mkz","messstellenname","messzeitpunkt","wert","einheit","hw","mhw","mw","mnw","nw","loc","coords.x1","coords.x2"
"1","53440005","Falkenbach, AltFaba 2/1993","2009-05-08",474.76,"m Höhensystem",476.69,476.13,474.88,474.29,474.12,"Sachsen",13.0505377915041,50.6462677914341
"2","53440007","Falkenbach, AltFaba 1/1993","2015-07-24",481.1,"m Höhensystem",482.78,482.35,481.49,481.14,481.09,"Sachsen",13.050106702477,50.645957039896
"3","53456001","Gelobtland,Hy Mb 1/93","1994-03-30",634.09,"m Höhensystem",635.37,634.46,634.01,633.79,633.69,"Sachsen",13.1905258680944,50.6146327192938
"4","53456002","Gelobtland,Hy Mb 2/93","1994-03-30",633.97,"m Höhensystem",634.76,634.23,633.95,633.81,633.74,"Sachsen",13.1905028989304,50.614623964246
"5","5445MOO1","Satzung, Moorgebiet, Philipphaide, PH1","2014-06-24",794.49,"m Höhensystem",796.64,796.4,796.23,795.85,794.49,"Sachsen",13.2126706527609,50.5447921788305
"6","5445MOO2","Satzung, Moorgebiet, Philipphaide, PH2","2014-06-24",795.27,"m Höhensystem",796.62,796.3,796,795.6,795.23,"Sachsen",13.2126806004066,50.5445970841661
"7","5445MOO3","Satzung, Moorgebiet, Philipphaide, PH3","2016-05-12",796.46,"m Höhensystem",796.79,796.75,796.52,796.3,796.15,"Sachsen",13.2123810243519,50.5447763194085
"8","5445MOO4","Satzung, Moorgebiet, Philipphaide, PH4","2016-05-12",796.91,"m Höhensystem",805.41,798.75,796.94,796.74,796.5,"Sachsen",13.2122365686501,50.5446284135557
"9","5445MOO5","Satzung, Moorgebiet, Philipphaide, PH5","2014-08-29",796.89,"m Höhensystem",797.35,797.2,796.91,796.82,796.58,"Sachsen",13.2120093228041,50.5444045078172
"10","5445MOO6","Satzung, Moorgebiet, Philipphaide, PH6","2014-06-24",795.88,"m Höhensystem",796.58,796.48,796.41,796.29,795.88,"Sachsen",13.2123829207351,50.5448777053811
"11","5445MOO7","Satzung, Moorgebiet, Philipphaide, PH7","2014-06-20",795.36,"m Höhensystem",798.92,798.88,798.79,798.21,795.36,"Sachsen",13.2102468935023,50.5448934749419
"12","5445MOO8","Satzung, Moorgebiet, Philipphaide, PH8","2014-06-20",795.21,"m Höhensystem",798.47,798.39,798.3,797.82,795.21,"Sachsen",13.2101167058535,50.5452748256484
"13","5445MOO9","Satzung, Moorgebiet, Philipphaide, PH9","2014-06-20",790.39,"m Höhensystem",793.74,793.69,793.49,792.87,790.39,"Sachsen",13.2146762421731,50.5449604931819
"14","5445MOO10","Satzung, Moorgebiet, Kriegswiese KW1","2015-01-09",896.35,"m Höhensystem",897.1,896.23,895.99,895.75,895.49,"Sachsen",13.1771956469992,50.5052992059879
"15","5445MOO11","Satzung, Moorgebiet, Kriegswiese KW2","2014-06-20",888.92,"m Höhensystem",891.99,891.97,891.83,891.25,888.92,"Sachsen",13.1813205092361,50.5051987034086
