mkz,similar
43420059,0.257792918146193
43420066,0.327905682242646
43420072,0.168043564951055
43425058,0.0793021691892692
43425059,0.136252874274001
43425060,0.0131774370988887
43425061,-0.0305476057810502
43425066,-0.0802422642014173
43425068,0.0504913540667467
43425069,0.146872147710527
43425100,-0.162848170022542
43425103,0.0065060429983807
43425105,0.0101548624207469
43425106,-0.029858451019141
43425107,-0.143125782379332
43435043,0.0897411424645076
43435045,0.119344206448221
43435072,0.0265787004811723
43435073,0.0450471705608154
43435074,0.0186837027422369
43435075,-0.00064611268714964
43435077,0.072829697238849
43435078,0.161443851066164
43435080,0.103170421963588
43435081,0.198139127675639
43435082,-0.147153296692496
43435083,0.061196614246171
43435084,0.00639719490402647
43435085,0.0773283054428153
43435086,0.0697017993771052
43435087,0.141522001585924
43435088,0.240236305784899
43435089,0.0821650850615839
43435090,0.122646229208993
43435091,0.112819530913943
43435095,0.0859289302634221
43440001,0.0751531870553145
44393876,-0.0465638478835915
44396262,-0.105602435258145
44396267,0.0995728569087114
44396269,0.0272358083155827
44396279,-0.0554091373514563
44396321,0.0871671348128667
44396325,0.0423913977610389
44396336,0.201130692069492
44399349,-0.141063854950694
44399354,-0.115095301581334
44399398,-0.0121900686101728
44400025,-0.0723011519655918
44400238,0.0905909992760686
44406309,0.0435569496268885
44406337,0.105811134478188
44406339,0.329338022278814
44406340,-0.112252772930046
44406341,0.110350997128265
44406363,-0.026653712673624
44406364,0.184750914420043
44406366,0.14436138872686
44406377,0.20002527233321
44406378,0.206042859011968
44406379,-0.00558332050382221
44406380,0.23293781021807
44406388,0.225492306055796
44406389,0.12505648550742
44406391,0.0943349466046756
44406392,0.0565875529616833
44406394,0.0604704672537314
44406395,0.318768918076651
44406396,0.172601243717834
44406397,0.0770533298238625
44406400,0.0483505655515783
44406402,0.264187932846138
44406403,-0.0314032599304995
44406406,-0.0283472299269366
44406407,0.0731587710369302
44406411,0.0246335961566998
44406412,-0.0693459108574281
44406420,0.016905743126847
44406421,-0.194928168153431
44406436,0.272340058651288
44406440,-0.117503034886208
44406441,-0.0209301500958405
44406443,-0.0196706661126443
44406444,0.0250820688129837
44406447,0.181681340093826
44406448,0.14433761754635
44406449,-0.127714138751313
44406451,0.217229037430118
44406452,0.126789282447814
44406453,0.0601370879592477
44406454,0.125119194720263
44406455,0.00601104739882995
44406456,-0.0861113399143521
44406457,0.200721159098142
44406475,-0.0979175215955864
44406476,-0.147024866165198
44406477,-0.0166264395878047
44406479,0.135664976945196
44406480,0.0222679336238482
44406481,-0.0265976785654838
44406483,0.121664410944691
44409353,-0.0471973253250999
44409360,-0.0682301957903292
44410050,0.193067366649215
44410348,0.209207538911242
44416484,0.0900654644408589
44416485,0.0241601860467249
44416486,0.163914043060882
44416488,0.126560527145856
44416492,0.193588880161806
44416493,0.0912733323462242
44416494,-0.15123316816589
44416497,0.120621779042993
44416498,-0.19510528393539
44416501,0.0645299259045586
44416505,0.160416253025368
44416506,0.042231769862344
44416510,-0.0315439835882748
44416517,0.0322779536430431
44416518,-0.0220443334112215
44416531,-0.0380742338929667
44416533,-0.0236952197279609
44416534,0.111386527467775
44416535,-0.00529783246975958
44416536,0.0392790122496747
44416548,0.0413300952089417
44416549,0.215341980504251
44416551,0.15371661498882
44416552,0.0160664268920029
44416553,0.154180867080203
44416555,0.167350026565688
44416556,0.0922360423462657
44416557,0.166997262340336
44416610,-0.1303783248466
44420002,-0.0786405098051629
44425470,0.0212204225923326
44425471,-0.0952509946079773
44425476,-0.00408198468542642
44426530,-0.0832123408729825
44426567,0.084166791678089
44426572,0.0663219012017194
44426573,-0.0013322641410239
44426574,0.164487555239193
44426575,0.0612136155054823
44426576,0.0475909660570362
44429484,0.0450585181176484
44430001,-0.27242048317879
44430053,0.220964561277546
44430100,-0.0932969095136722
44430201,0.13632726732963
44440104,0.159611312625464
44445022,0.0744361011519074
44445023,-0.0669619197348724
44445029,0.0281987843827032
44445034,-0.0439693828051075
44445035,0.0176200490015452
44527351,0.174542886775896
44533080,0.253167017143521
44533384,0.176144239375104
45390002,0.14445650363992
45390006,0.182185754258345
45390014,0.02652331798393
45390017,0.0880104529576181
45390090,-0.0653846478637133
45394576,-0.26685079902712
45394676,-0.0581881337998777
45396236,0.0681743418398331
45396237,0.0406062336785408
45396238,0.0520098507869042
45396239,-0.0133492988577633
45396240,0.0465895164963326
45396241,0.167338535310983
45396242,0.148695528645753
45396243,0.0505879343880954
45396244,0.108455638305231
45396245,0.0314511349095332
45396246,0.0108631171421093
45396247,0.0591247828339157
45396248,0.0381415175952571
45396249,-0.00514265585601642
45396250,-0.00136637979833093
45396252,-0.0429067963068703
45396253,-0.0892808003042384
45396254,0.166496119704681
45396255,0.298419277782773
45396256,0.204617685759095
45396258,0.161744165786091
45396259,0.0900582768456382
45396260,0.214163441958254
45396261,0.175203930578443
45396267,0.222524744602405
45396268,0.0549172392081436
45396338,0.034962555942353
45400016,0.0432707057257739
45400020,0.106474412592033
45400040,0.0294000409201148
45400522,-0.0205016022943246
45400604,-0.0423921652171054
45400717,0.108497241734982
45401288,0.0228124488145938
45401342,0.0184694999533212
45406147,-0.00191679875529238
45406162,-0.0410258660964607
45406164,0.0505134314421033
45406165,-0.0724045240938676
45406168,0.121276078911983
45406170,0.111566616804003
45406171,-0.00482092415938447
45406172,0.125300309782151
45406173,0.122707489269469
45406175,0.0813231896108069
45406177,0.232384352908872
45406183,0.0456358197393394
45406184,0.00837964471851042
45406185,0.136699663319406
45406186,0.280587060373061
45406187,0.172064884686329
45406375,0.194070152888944
45406384,-0.0432634580867144
45406385,0.0301706251838497
45406477,0.0560298584829485
45406480,0.0276272076051433
45410012,0.129206321306744
45410449,0.0698102651236243
45411340,0.161992654286409
45411588,-0.0436305261008228
45411589,0.136674712464904
45416104,0.129039501657571
45416116,0.157492958126862
45416117,0.130187884152831
45416118,-0.0372680386501105
45416119,0.13329529035808
45416126,0.239131207437952
45416127,0.165866429597114
45416128,-0.0183151226262113
45416129,-0.0446187384880598
45416130,-0.0502920495728209
45416132,0.103753612534968
45416133,0.0260262033764436
45416135,0.0273762009243011
45416138,-0.00149352533763578
45416139,0.00377076368490383
45416140,0.171610891978002
45416141,0.033895112514465
45416458,0.055008340026423
45416459,-0.0600945965925214
45416461,-0.392674974707086
45416462,-0.145043705469239
45416465,0.0763831389373029
45416466,0.0805697281504893
45416467,-0.123048805860256
45416468,-0.180123558801654
45416479,0.077064537535021
45416526,-0.0936729355324758
45416528,-0.00214305217172017
45416529,0.0273406319705465
45416538,0.0296277805074909
45416539,0.124495941348317
45416540,-0.0020363096209175
45420012,0.22484125197947
45420899,-0.00294130601419897
45421335,0.0660062636581743
45426104,0.177900929829817
45426105,0.210072975404997
45426106,0.243732518083282
45426107,0.0501237560549199
45426108,-0.0696621634721558
45426109,0.0717722051942779
45426110,0.0256774646670453
45426111,0.00663126660793083
45426113,-0.0338487865192102
45426114,0.18714247402478
45426115,-0.0407227940214833
45426142,0.117618677313765
45426278,-0.00454919495174708
45429513,0.228035422885215
45430001,0.34998519272449
45430522,-0.0797858258274178
45430523,0.109582064709897
45431737,0.0526569331370385
45440655,0.139847435117399
45445017,0.00508058123705992
45445018,0.235803196928068
45445019,-0.00783848333462092
45460301,0.375805872544905
45460311,0.054573196032285
45461513,0.026960102518048
45461636,0.0885490313073486
45471871,-0.22400342100919
45503372,0.149099682239016
45503376,-0.0394404055195089
45503442,0.115541891328231
45503443,0.239462056097686
45503444,0.210574790458688
45503445,0.193157445076109
45503446,0.214116803092681
45509002,0.238132676133459
45510001,0.169699345770222
45512208,-0.0698162018708321
45513450,0.252464534753642
45513515,-0.0747280356185039
45513558,-0.115392998958603
45518126,0.0794689171188239
45528110,-0.039403928345396
45543090,0.307681795093658
45543092,0.292032385585851
45546201,0.0459140906549057
45549001,0.412714005446562
45553050,0.0617114979549195
46380113,0.105809855171477
46390001,0.0713627867747764
46390003,-0.0158464054887677
46390004,-0.0268694850242447
46390005,0.0426321868225226
46390009,0.132548864830346
46390011,0.176089870291112
46390014,-0.0109702313849531
46390017,-0.00563088192140519
46390018,0.0144899704073101
46390020,0.0853978548900015
46390021,-0.0331560376775677
46390035,-0.0125574143774656
46390040,-0.063565632440431
46390043,-0.10001963813377
46390059,0.0789886940052484
46390060,0.109625938413692
46390061,0.145346773230908
46390062,0.0163972823519664
46390063,0.171358575814231
46390064,0.141887800046187
46390068,0.0936497845580075
46390069,-0.0200109149444641
46390071,-0.119359978278817
46390076,-0.0566575302414623
46390079,0.0173373148540405
46390098,0.159030795050956
46390101,0.0663925526001037
46390103,0.145215743846087
46390104,0.0415866591043002
46390111,-0.029073578367147
46390120,0.0233910048184933
46390131,0.163476653098472
46390204,-0.112720245046771
46390206,-0.054726078133181
46390298,0.100719611650304
46390570,0.0758536729724767
46390714,-0.0723098165056181
46390715,0.0380782600173548
46391246,0.0900027202045227
46391313,-0.00369979963474949
46391314,0.19724354762697
46391316,0.152011862637792
46391416,-0.232317844940481
46391417,0.0401083857638005
46391418,-0.045873318126689
46391420,0.0911575217849368
46391421,-0.054175889222748
46391422,-0.155318467208126
46391694,-0.0110992023810723
46391702,-0.0193051309284295
46391705,-0.0437137452424159
46392270,-0.035411559367347
46392294,-0.0954796304845328
46392296,-0.0484471304290957
46392323,0.09787697736179
46392762,0.0458814138121086
46400001,0.0915642678696671
46400003,0.228288347304765
46400004,0.148465526320578
46400005,-0.00087716042267005
46400007,0.0966230518886468
46400008,0.0920235938905752
46400009,0.0254249702292833
46400011,0.242384728432234
46400013,-0.0139648857432457
46400016,-0.0226447416699996
46400017,0.0025019434628789
46400019,0.0660254285321494
46400021,0.00677715586307957
46400023,0.1050687908677
46400025,0.116332715700643
46400026,0.0426832539998105
46400028,0.094070667147169
46400029,-0.00565886659115729
46400032,0.0222372577986493
46400033,0.190768460971345
46400034,0.216966913724223
46400035,0.172026078855878
46400036,-0.020128938480349
46400038,-0.0967765033014611
46400039,0.0575136840261886
46400040,0.023643528526843
46400046,0.0749479550606505
46400047,0.20117806375387
46400061,-0.0988251883502849
46400090,0.124538031871272
46400101,0.163922346219255
46400102,0.0660479178376631
46400122,0.248688768719409
46400128,0.0690110623694043
46400208,-0.0703076967929116
46400410,-0.0718716097270748
46400415,0.0987025879068834
46400420,-0.0184501909484279
46400520,0.0129962699655084
46400595,0.0550778787152377
46400998,0.286914404102135
46401337,0.0532705513447896
46401338,0.00297918052712311
46401339,-0.0832378592881356
46401400,-0.298902951220733
46401402,-0.281230520331388
46401403,0.0206008002046104
46401502,-0.0255542814638965
46401504,-0.122212176590434
46401507,-0.0316429492790525
46401508,-0.0241543297598458
46401509,0.10820808211219
46401510,0.0472283731998082
46401512,-0.0652402172150368
46402281,-0.0959079676495876
46402299,-0.109855999215711
46402326,-0.0800056885474418
46402637,0.235247836493202
46410001,0.197293051108638
46410013,0.144520402390725
46410041,0.00135015316633922
46410042,0.123220192159418
46410074,0.243231192152946
46410107,0.203184731972394
46410216,-0.0438278967394491
46410301,0.0467081061400783
46410302,0.294991987866656
46410303,0.197341682737051
46410304,0.251233319068967
46410356,0.199454231033468
46410417,0.0405512710727986
46410420,-0.0228302057328048
46410428,0.133826455676347
46410431,0.0399178237805678
46410441,0.151529274130864
46410461,0.24702303247448
46410482,0.200435867832205
46410483,0.0940799703961241
46410484,0.236899010972658
46410525,0.113534090603257
46410P14,0.0776548908330939
46410660,0.0754792989051914
46410661,0.104313996668022
46410720,0.126037265187095
46410891,0.0112351910596674
46411088,0.297225735943048
46411341,0.207367563579464
46411934,-0.0884811033675407
46420108,0.00156475507927218
46420526,-0.0305858629211281
46420894,-0.0247983129755389
46420896,0.166485522155537
46420897,0.150291573187562
46420901,0.00875493323718316
46421125,0.211080711093771
46421331,-0.0243783520315303
46421332,0.0836108265014164
46421334,0.315177738245478
46421986,-0.0212175368961873
46421987,0.153608103487524
46421988,0.131308844743639
46429519,-0.072429373225049
46430115,-0.0154578755602185
46430116,0.159236286527228
46430359,-0.0469767567629438
46430531,0.0117083810940213
46430532,-0.0137170828268481
46430953,0.282905215569909
46431146,0.112325206728463
46431536,0.417443990196179
46433496,0.192472536182422
46433598,0.0253419876168251
46433612,0.0237226927801945
46434009,-0.0722032066234474
46436307,-0.0610802337033181
46436308,-0.0253825254912418
46440127,-0.0133902365510113
46440129,0.0601004221318263
46440130,0.0886520259903429
46440536,0.203221999863453
46440537,0.0904538051287553
46440540,0.162681531925167
46440652,0.115427302796384
46440654,-0.145126012874445
46440656,0.18956599695468
46440927,0.193588065770941
46441106,-0.0109772169111766
46441147,0.132365081637889
46450133,0.0749603834887124
46450134,-0.00828513302851427
46450135,0.0325853533655969
46450136,0.173155175177339
46450138,0.0808020931241694
46450139,-0.0799841365579115
46450140,-0.0552939526178574
46450255,-0.0289670067655723
46450256,-0.0139648430688492
46450258,-0.00936583519260725
46450541,0.0336101716833212
46450664,0.182122146564359
46450987,0.0325307997418827
46451168,0.0862002542618614
46451205,-0.00247110933369163
46451344,0.152911000952985
46454034,-0.101032842852086
46460259,0.0124503857953485
46460260,-0.135917610004363
46460303,0.020403843949662
46460306,-0.0410530789233115
46460309,0.0495032363725318
46460562,0.0796899696515997
46460563,0.062218561584277
46460564,0.179401659947625
46460565,0.0156564234337852
46460567,0.165642749243776
46460569,0.0565557997586941
46460996,0.131114157528573
46461537,0.0946973252744303
46461875,0.0371832831753415
46461876,0.0114659422075501
46461877,0.053363692199748
46464050,0.304602456385348
46466039,0.343652043747641
46466042,0.0506774989971444
46466045,-0.00770081497356143
46466048,0.418690327678453
46468076,0.00127729526558518
46468077,0.0144111331452837
46468078,0.0760866173387187
46468080,-0.0722317430565043
46470001,0.0758387728634006
46470364,-0.140433234342494
46470365,-0.0992403415774107
46470366,-0.0707533434760568
46470367,-0.0014378572732392
46470570,0.175142914731294
46470571,0.0549507496219408
46470608,0.0322529511926808
46470616,0.124991995355709
46471515,0.102689828698829
46471533,0.0774507949817767
46471862,0.118881831867301
46471863,0.0369759845408589
46471865,0.110479883886852
46471867,0.11805773140099
46471869,-0.0545536357218425
46471870,0.054977507806603
46471878,0.130186649399301
46476439,-0.101333237018747
46476440,0.0562387106676076
46476444,-0.0710874602976747
46476448,0.100047610370976
46478062,0.0217138339009656
46478064,0.129623965612341
46478065,0.11051404054919
46478066,0.11171586864613
46478068,-0.0221984803431149
46478069,0.0250664857413088
46478070,0.0935187273875779
46478073,-0.00107528757206604
46478074,0.0552892194342745
46478075,0.0541114258734931
46480001,0.130206407572167
46481139,-0.00620673898037124
46481988,0.251149331638796
46486423,0.266890407992784
46490626,0.206674759491332
46491138,0.290586905508035
46491140,0.0532222846270721
46500001,0.270851667210607
46500576,0.158284692721565
46500578,0.120011700445608
46500580,0.267680005668105
46501982,0.380972491695749
46504027,0.0396814597493989
46506601,0.3659359129543
46510388,0.18831234397138
46510389,0.188482334565424
46510609,0.265159525609914
46511391,0.0118468303579472
46513453,0.145068797537582
46513553,0.150304898122806
46513559,0.0656647516777957
46513560,0.114136513562173
46513564,0.0110184222035324
46513565,0.29495404833596
46516001,0.0256993866956274
46519001,0.310339733506777
46520731,0.166922851322627
46521560,0.110781967325196
46521933,0.215925216602664
46523177,0.257895892217407
46523566,0.0664574854453809
46523568,0.242323222271105
46523573,-0.104722345324104
46523574,-0.0707047038720711
46530582,0.122527756510173
46533069,-0.0726364501445753
46533070,0.131103180366458
46533075,0.154921562187169
46533456,0.158175242064023
46536001,0.353639281902467
46539002,0.340837814512899
46539386,0.198969847185767
46539390,0.239907211335157
46539392,0.22244355260641
46540001,0.207467049019418
46543053,0.198296020779359
46543071,-0.0235262719774068
46543072,0.270361654580393
46543073,0.373345601833457
46543079,0.151261549762891
46543081,0.158710343602334
46543094,0.316762294993278
46543095,0.139590087205947
46543098,0.176236694722318
46546102,0.266546330208731
46549304,0.163769599265066
46549310,0.114501323134943
46549314,0.0936051534279369
46549316,0.0533170858012009
46549318,0.053193109881919
46549322,0.232389912528199
46549323,-0.0371096869326883
46549332,0.169644574646282
46549334,0.303011823320682
46549336,0.225151173579958
46549338,0.0803284774567236
46549340,0.194646598834493
46549342,0.283851871558633
46549344,0.288470772166512
46549346,0.11550093509157
46549350,0.179607961984866
46549352,0.129708193247997
46549358,0.068754833132567
46549376,0.159512021888556
46549378,0.114570109797064
46549380,0.197880857909434
46549384,0.17138488285252
46549388,0.0917607242682312
46549402,0.232040596179039
46549403,0.116675430956423
46549420,0.260469049785791
46549421,0.201525405909775
46549422,0.247404373886214
46549431,0.224241508581818
46549432,0.146942214630789
46549442,0.19367543964075
46549443,0.38547078087124
46549444,0.341921861067553
46549501,0.254452228712253
46549504,0.363782181514061
46549507,0.0125326537739481
46549516,0.172624507020614
46549517,0.233603716835712
46549522,0.183919343302357
46553001,0.0726384071482999
46553054,0.241670507645602
46553055,0.29818821204528
46553056,0.00204885157862568
46553061,0.127284166353689
46553062,0.159877584277405
46553074,0.111654538572826
46559300,0.0363102498124169
46559324,-0.00220329518019579
46559325,-0.0383844654420064
46563004,0.128524506448108
47380016,0.107487881945209
47390001,0.146214976085749
47390002,-0.0315261343503415
47390006,0.0565160886857318
47390007,-0.0147401706295997
47390010,0.0540504712337814
47390013,-0.069910601365183
47390014,0.0241610647099057
47390017,0.264930033102443
47390020,0.0982618590729998
47390021,-0.0550998707547254
47390022,0.0108087387235294
47390023,-0.0150491414911465
47390026,-0.014815741446334
47390029,-0.0283911879984179
47390030,-0.00452943257464174
47390031,-0.0944696199276534
47390032,-0.100416921856115
47390048,0.177108327871638
47390049,-0.0991010844865085
47390050,-0.125674964439
47390115,-0.117303490126053
47390119,0.0929398916871595
47390122,-0.185599451257116
47390123,-0.168180387173723
47390132,-0.020499915977416
47390515,-0.012628072272274
47390517,-0.0435869343166568
47390518,0.138020060244096
47390611,0.051328259366108
47390727,-0.0888307465553345
47391031,-0.220087244147608
47391035,-0.0667563162978271
47391118,-0.0180152852278401
47391295,-0.021529643123656
47391297,-0.0903873565957358
47391300,0.251257315717937
47391309,0.00610984503651189
47391349,0.0128907952367375
47391350,0.0306489091243338
47391388,0.00925324847888174
47391476,-0.0811480424690838
47391478,0.0347507875409604
47391479,-0.00111936617580323
47391480,-0.103829580562153
47391481,-0.0746755122562776
47391482,0.19883897170587
47398014,0.0104494886726267
47398015,0.0514660022033929
47398017,0.0379882846331909
47398018,0.0384151460838612
47398019,0.0421459524493836
47400001,0.0466292691300748
47400002,0.052035900397769
47400003,-0.0374219478718826
47400004,-0.132679531304934
47400005,-0.0545044185317399
47400049,0.200025930618761
47400050,0.061489113535752
47400051,0.0899338045803095
47400052,-0.0626238075460501
47400054,0.112728098550314
47400055,0.0245200645152821
47400057,-0.0600151865741722
47400149,0.206060534861244
47400150,0.308212492425626
47400153,0.36374374397515
47400486,0.396277408319916
47400701,-0.298894630995166
47401258,0.0929115988855739
47401282,-0.0737075894276891
47401306,0.0347206598976295
47401307,-0.0498120317132325
47401308,-0.0174699258636466
47401571,-0.097235887574839
47401572,0.10611967815565
47401941,0.282068215644754
47402530,-0.201704983523658
47402783,0.0897114978793096
47402788,0.234317264283502
47403270,0.132663319238914
47410003,0.2772990175552
47410004,0.177104753409936
47410005,0.0841984689979653
47410013,0.269096598754619
47410015,0.163476852035688
47410017,-0.0277097726345175
47410020,0.104339463225003
47410022,0.0364780622847423
47410023,0.0322417205139038
47410030,0.159676383414447
474100B6,-0.00165199042728682
474100P7,0.0954857656811783
474100P8,0.0405895952254349
474100P9,0.0512421692657048
47410045,-0.0318201208310481
47410053,0.0880737449321795
47410054,0.1642172605621
47410055,-0.0177122798867642
47410056,0.191062529134082
47410057,-0.00498164446252163
47410079,-0.0273174059773219
47410110,0.332921155417695
47410113,-0.0326365185586961
47410201,0.0475459315726942
47410205,0.117804989060609
47410207,0.0630347678713462
47410221,0.00166894375759149
47410224,-0.0456718581765485
47410225,-0.105259455566126
47410228,-0.085935936606835
47410231,-0.0104753591230887
47410304,0.0198389213676106
47410402,0.00222089361272734
47410404,0.101628094792044
47410405,0.118340351573082
47410406,-0.0270537856266898
47410407,0.124878597645462
47410409,0.122759101673331
47410410,0.0541675002957849
47410412,0.12155566884275
47410414,0.00853195708279006
47410442,0.291523423098324
47410444,-0.0339858343162558
47410B11,-0.0732103952452768
47410B13,0.0435150829586228
47410B14,0.0891329028256537
47410B15,0.0290834328705565
47410P10,0.0742453066748453
47410P13,0.178030666478615
474104_1,0.0201942669459045
474104_2,0.0362385717666098
47410459,0.0778653494787772
47410477,0.120487777547173
47410487,-0.0681502617103548
47410489,0.0138587573043213
47410512,0.0572190743622329
47411260,-0.0150889760498672
47411262,0.0250499471382894
47411263,0.0503019969438569
47411646,0.239970645988198
4741P6S3,0.0933675259755111
4741P7S3,0.0981821717603309
4741P8S3,0.0981089896659745
4741W032,0.188796023545745
47411647,0.119481726473517
47411648,0.211211952729351
47413502,0.176107538888303
47420010,0.0611955377419688
47420012,-0.0221052014407796
47420076,-0.091398525297994
47420077,0.221430759739823
47420080,0.0644879157514726
47420081,0.019394826341031
47420082,0.154273050576757
47420085,0.309504970804995
47420111,-0.261410292306967
47420112,-0.0275764596520876
47420490,0.0986886153997293
47420544,0.300871290269294
47421327,0.324790779607503
47421328,0.0608946478679829
47421329,0.303329250622288
47421985,0.126879567438794
47422884,0.243892368023368
47422900,0.305555228464623
47422901,0.340082876148567
47426271,0.447130193652257
47426272,0.374549321130523
4742W043,0.257188823485917
47426273,0.195705479253818
47426275,0.421353222986614
47430549,0.0217768490707912
47430864,0.0378155607751072
47430865,-0.0360507507410537
47430990,0.129843669752621
47430991,0.0850604115366287
47431102,0.145436296183334
47431104,0.201605200994679
47431238,0.147649202502061
47431460,0.0981867590304878
47431461,0.0815924011157048
47431937,0.0708637414104614
47431938,0.06180409924858
47433619,0.281678278823862
47433625,0.149170342649431
47440132,-0.0892925352275872
47440178,-0.154973874925693
47440179,0.0829155942651109
47440188,0.207120638960147
47440191,0.0153155310361225
47440551,-0.0267540740535458
47440625,0.116015857108025
47440649,0.137832574296906
47441004,-0.00867527061098461
47441105,0.0826993727383101
47441109,0.0677955477310827
47441148,0.0690043548012142
47443601,-0.0420040676547297
47450141,0.0065944835645922
47450142,0.0147125345201596
47450143,0.0340609774583056
47450144,0.155656505692511
47450145,-0.0493164908332922
47450146,0.0259851335495977
47450147,0.157191719161974
47450154,-0.0170705351424144
47450155,0.0450760126422676
47450156,-0.0157558045036036
47450157,0.0664570842545468
47450159,0.014527842289248
47450160,-0.0822908876752849
47450161,-0.0488937962725984
47450165,-0.0392635303961311
47450181,0.121799329471021
47450187,-0.0195427021152939
47450552,0.107541938427242
47450554,0.254706842442646
47450876,0.0826766677192407
47450963,-0.00896465990171426
47451413,-0.00686543047130526
47451414,0.0238487981121348
47451416,0.2847041196747
47451420,-0.0116966581716181
47451421,0.083512499833534
47451981,0.091990674063454
47454038,-0.104815998327931
47454039,-0.107725290553859
47454040,-0.0991920047131985
47454041,0.0357887490626685
47456211,0.0631308512382294
47456213,0.193667957981441
47460263,0.0972362391872524
47460264,0.248734049573914
47460265,0.133833354195264
47460266,0.151653051739701
47460267,-0.0335635259439622
47460268,0.218445741236668
47460269,0.101259192926175
47460555,0.0238607969744532
47460556,-0.0402756575926174
47460558,0.246420342967665
47461036,0.130941495137231
47461114,0.100196262107939
47461411,0.0428069258068061
47461412,0.0156821257499865
47461415,0.0835478260974733
47461855,0.0257069620477139
47461856,0.132622421472075
47464051,0.183598979852091
47464052,0.167197566353296
47464053,0.158825919914874
47470244,0.114178221988373
47470245,0.206077016077349
47470246,0.192821188386665
47470247,0.131980048897441
47470248,0.259292983795409
47470249,0.0426419808628695
47470250,0.253887469897885
47470271,0.0768664545349684
47470369,0.0270894640820655
47470370,0.147512063054802
47470371,0.17549215091663
47470372,-0.0060447577384264
47470373,-0.0777667449954272
47470375,0.168341367927281
47470583,0.191884771059812
47470585,0.0546761575729756
47470601,0.116578038319105
47470666,0.419952032979889
47471054,0.0307984051232061
47471056,0.0179014875411812
47471058,0.176022965385278
47471059,0.187729460233377
47474031,0.124724420123756
47476026,0.0822860575184025
47480586,0.130338865215081
47480587,0.339389539768548
47480623,-0.0201296418018635
47480633,0.197530030104716
47481057,0.0906947602529121
47481243,0.153107506826326
47481369,0.0970794445304039
47481370,0.0995924744710911
47481371,0.137304059001085
47481375,0.241302917459488
47481555,0.220524193832639
47481696,0.0814945910089235
47481860,0.262474735693852
47486042,-0.222069112907241
47486043,-0.20439464445699
47486044,-0.140495147414003
47486045,-0.188675537093563
47486057,-0.0105787914735259
47486058,0.217134326072472
47486059,0.292419403818249
47486060,0.0903074343796568
47486061,-0.0575033312724266
47488088,0.0438505129855865
47488089,-0.0363994438097841
47488090,-0.0604287462544976
47488091,-0.153665148211257
47490381,0.214479764158404
47490383,0.0969017550178062
47490591,0.318215391190149
47490593,0.350822889622059
47491159,-0.0154433003978243
47491931,-0.0249922604339666
47500001,0.130748616591735
47500010,0.23811014068888
47500012,0.105476140005342
47500595,0.014412887446995
47500596,0.0754644670844366
47501653,0.329828656255039
47510387,0.00260221617967496
47511000,0.138759671013589
47513503,-0.0510335446624279
47520319,0.245789601025224
47520320,0.157227781571985
47520321,0.0232674309606897
47520322,-0.0835380927307483
47520415,0.0616572284664954
47521060,0.24755480909448
47521381,0.0843593938606887
47528106,-0.00951884378457667
47528107,-0.0999490237839315
47528108,-0.0936178689853386
47530316,0.132465507793551
47530317,0.226795754111638
47530318,0.0687163211401285
47530999,0.170726831283194
47531507,0.151524435733612
47533076,0.23344019153885
47533077,0.0447462867456283
47533078,0.266431744341877
47540004,0.129915297200851
47540735,0.13288197385209
47540736,0.2653597895984
47540738,0.1415619364974
47540739,0.256898687786177
47540740,0.395485238865554
47543025,0.226854106877164
47543026,0.10493498362177
47543059,0.223271395335234
47543087,0.130903167201423
47543088,0.200405271309529
47543093,0.175612200637559
47543287,0.227337557246756
47543288,0.0776778598628461
47546001,0.143231559377155
47546002,0.328072456120724
47546003,0.352236005718128
47546004,0.0446331392708077
47546005,0.0400572436795806
47546006,0.132308644071626
47549202,-0.0170527735320832
47549261,-0.0657254671960008
47549262,0.0448965382474178
47549263,-0.0720671489442578
47549266,-0.0491202514950102
47549267,-0.156898150589737
47549268,0.076634905448404
47549269,-0.127231037565637
47549270,-0.0724498153868374
47549271,-0.0810111293755886
47549272,-0.0815209040324443
47549275,0.078735872681229
47549287,-0.0587387082777336
47549288,0.0270371872076483
47549292,-0.00490764829440425
47549293,-0.0401556490878538
47549356,0.263888042426576
47549366,0.0350524410221754
47549368,0.173892893902859
47549370,0.0663790256954233
47549372,0.122327599684083
47549401,0.182784305121626
47553032,0.319235963166241
47553033,0.324557384755862
47553057,0.220652098463657
47553058,-0.005305892593835
47553063,0.0462552108211145
47553064,0.0359412317309648
47553089,0.00199844618593292
47559274,0.0765032243191834
47559328,0.0329437851197899
47559329,0.0915894025394044
47569002,0.191292298694799
48390033,-0.112318289183892
48390509,0.140471008909543
48390682,-0.000403744549233336
48390683,0.20286576038835
48391166,0.32329393778489
48391167,0.208170491589137
48391168,0.18073461605033
48391169,0.117789343920316
48391170,0.209447766521939
48391171,0.364307363710634
48391942,0.173445610330899
48391946,0.0413488762953954
48391947,0.163721138242569
48391948,0.26483791146073
48400002,-0.0174859001896852
48400003,-0.0304084956095332
48400004,0.127197187656071
48400010,-0.0733245622675843
48400028,0.200156618909399
48400040,0.155166763489246
48400041,0.175100651097304
48400042,0.134119336531032
48400045,-0.0256455394767285
48400046,0.0138959307759582
48400048,0.0639345406267125
48400069,0.0803066719975366
48400071,-0.0152708420653986
48400620,0.0723531985746627
48401885,0.0530827572885577
48401973,0.0996354760122595
48401982,0.0824849766982402
48401983,-0.0568299447235026
48410006,0.337552792688568
4841W042,0.352078311515
48410057,0.10087538382871
48410059,0.113074371260301
48410061,0.239032190327542
48410492,0.0995881012281705
48410497,0.0364296061734492
48410500,0.226795045228336
48410621,0.290641383833938
48410663,0.0850311728430476
48410696,0.236174314293996
48410938,-0.045554409073144
48411448,0.133715490515596
48411511,0.0601859176810414
48411583,0.109004814756922
48411584,0.0469978998542002
48411607,-0.0138814828092619
48420006,0.168956288316984
48420013,0.269391196634572
48420014,0.21374385976883
48420021,0.151164701882708
48420023,0.0752583770571832
48420062,0.120323907691583
48420088,0.096080455038168
48420089,0.410568566008739
48420090,0.184009656203001
48420179,0.273031265066662
48420180,0.322039540177733
48420501,0.202822808890023
48420560,0.0363652365920654
48421093,0.119790085838227
48421100,-0.0221699182400898
48421101,0.125581608129734
48421683,0.0867749770003332
48421684,0.250864268800256
48421983,0.227597901983074
48422687,0.19334489420336
48426584,0.313879552054771
48426685,0.250567688132224
48430989,0.283358856301719
48431017,0.185732764328884
48431018,0.0804119580752817
48431019,0.182005035815013
48431020,0.148619906997401
48431021,0.204854928323572
48431031,0.112830082047234
48431096,-0.0536872095006048
48431097,0.134375604849551
48431178,0.0612670541914763
48431179,0.105960397583695
48431180,-0.0150128883087143
48431181,0.157344096373461
48431182,0.215645725242323
48431999,0.164895161044905
48440002,0.168452233452667
48440168,-0.104499027130701
48440175,0.0052804579688259
48440176,0.168917768387004
48440177,0.0412752678104958
48440178,-0.0443208986028531
48440201,0.350299896629348
48440870,0.0517143404591533
48440993,0.0636737763602448
48441030,0.110519183425573
48441039,0.0906503948532051
48441187,-0.140422992735037
48441188,-0.0583607155822361
48441276,0.178728198967948
48441277,0.200477148314147
48441853,-0.0391773700591662
48450148,0.234367524867408
48450878,0.171361837547877
48450884,0.0157267640908161
48450886,0.233297647189786
48451034,0.216476903280751
48451037,-0.0576635643582717
48451038,0.267776284971057
48451061,0.139474003074455
48451273,0.238352123733035
48454021,0.0543551180407202
48454036,-0.0472706864788969
48454037,0.163849149394035
48454042,-0.0814740903690188
48460001,0.250512275942941
48461044,0.258408163994243
48461045,-0.0585067228262124
48461046,0.0239613722946386
48461271,0.0885543061283171
48461447,-0.0376104561427368
48461450,-0.0402172222186719
48470228,0.0556374061744621
48470229,0.0148735350817503
48470230,-0.0341496070359719
48470231,-0.0674609135606275
48470232,-0.151261366898051
48470239,0.0496829133887866
48470241,0.0338693259483935
48470242,0.171069205677079
48470243,0.0271370734799827
48470376,0.0681256088173596
48470377,0.197742328405136
48470602,0.084669015970295
48471173,0.274418035217617
48471656,-0.0411788549518129
48471657,-0.115776912628814
48471846,-0.0858624645582144
48471848,-0.0988604115674247
48473500,-0.0430877852233408
48474028,0.0728380315345201
48474047,0.135681037201798
48476218,-0.0614026436454334
48476223,0.14783336125896
48476286,0.305857968114156
48480226,0.1347800031162
48480252,0.317131723351396
48480378,0.428347642361264
48480902,0.167683079055985
48480903,0.291752668583786
48481211,0.29973781288416
48481248,0.228452484930888
48481979,0.128045625264285
48483517,0.172847179047752
48483527,-0.00121040921395713
48483614,0.150536722576643
48486046,0.0781259060433163
48486050,0.242337113601105
48490904,0.026929473882954
48490930,0.241252998650643
48490933,0.0101542011616189
48490934,0.25050764890826
48491135,0.410770890586185
48493497,0.215338477520722
48499002,0.24020720437932
48500428,0.0160235020107975
48500429,0.00318915453135568
48500430,-0.0112731006540732
48500431,0.226056788607544
48500433,-0.00403407200079672
48500434,-0.0337835604893825
48500905,0.122960728652446
48500906,0.290701971895511
48501177,0.166856957345198
48501250,0.0171089926949651
48510348,-0.00224185215628531
48510405,-0.0210680718585982
48510406,0.0690342900077927
48510408,0.0631951992326578
48510409,0.0864949728794981
48510410,-0.0165007345495304
48510413,-0.151189134161797
48510435,-0.0238381028403869
48510929,0.0140779991742623
48510965,0.274471063974562
48510966,0.336977506359817
48511110,-0.0100233822498854
48511111,0.0628514612548851
48511223,0.182864435153934
48514029,-0.0701317821620417
48518081,0.00344756678182753
48518082,-0.0326741174649673
48518083,-0.0163766399159617
48518084,0.0387279608440531
48518085,0.211128387868298
48518086,0.136782106026245
48518087,0.185638763224655
48519001,0.0760685574676833
48520390,0.12618538615022
48520391,0.013612268942572
48520393,-0.0966475548742437
48520394,0.212053420593795
48520395,-0.0146293619859789
48520396,-0.0334561644509508
48520397,0.136476898501464
48520398,-0.143735398527162
48520402,0.0373067787079476
48520414,0.107093937922988
48520448,-0.0586133251511015
48520449,0.0489290945576185
48520450,0.174775128112048
48520452,0.0398930971221289
48530315,0.0880155382689717
48530445,0.107253938363489
48530446,-0.0119297648764156
48530447,0.304609166039528
48530466,0.0884841343041359
48530468,-0.0220370957499821
48530469,-0.0395344372246274
48530911,-0.035597756071921
48530969,0.0287329834828502
48530992,0.30105877411068
48531208,0.276002026251787
48531383,0.130772843488289
48531530,0.142088517737759
48531531,0.060049302342449
48539001,0.160479092874368
48540439,-0.0545734781036037
48540441,0.0218638210005496
48540442,-0.0470027068950095
48540444,0.0797605720885533
48540461,0.0286165213741329
48540462,-0.0231173092000858
48540463,0.331062826498895
48540465,-0.00586633915351836
48540858,0.1999157093432
48540968,0.0339522949368129
48543018,-0.0166281195088816
48543021,0.0463571256314296
48543022,0.0530527868293857
48543024,0.028849040361486
48543027,0.13824491120835
48543034,0.0833356292945947
48543035,0.253421304936437
48543044,0.329294911682306
48543045,0.0776203435426279
48549002,0.14046396509375
48553012,0.010322558833849
48553013,0.1271583814471
48553014,0.0583726075376249
48553015,0.121894493853331
48553016,0.209607886110519
48553030,0.0215391643373562
48553037,0.0499079876899199
48553039,0.219128119316403
48553040,-0.0229753669132633
48553041,0.0736547242718139
48553043,0.0183139968678016
48553047,0.0534502689905469
48553048,0.103793537673826
49391880,0.168389369220283
49400006,0.00134365542811662
49400890,0.0517786350757767
49410001,0.088204950099534
49410098,0.0441486358411565
49410100,-0.0728942871548504
49410102,0.0468903697236156
49410630,0.169950637600972
49410686,0.0554081089934831
49410738,0.269430447040152
49410961,-0.00419877471233201
49411064,-0.107941283278866
49411142,-0.0423082546654661
49411254,0.151357157403413
49411585,0.25710696275905
49411586,0.080078948535447
49411587,0.101392757899231
49411588,0.0300561551969421
49411591,0.160160085080522
49411592,0.208878201591688
49411601,0.0886360947098079
49411602,0.269301222857226
49411690,0.0398411666329362
49411883,0.283969127873553
49411930,0.00873952798334786
49411995,0.070585883703307
49411998,0.271205280076616
49420004,-0.0953177604962045
49420064,0.068154619579821
49420065,0.0113858540004706
49420684,0.0185060567756387
49420761,0.0747479938453226
49420840,0.0689806192489928
49420841,0.0632272229396078
49420959,0.151478647331263
49420960,0.0561961984748472
49421144,0.0854780153064101
49421456,0.0761342058351724
49421457,0.039701127461974
49426601,0.0971132747889382
49426602,0.245964560592415
49426603,0.304428721246029
49430001,0.10268662575986
49430639,0.202995164978102
49430939,0.352195714561908
49430964,0.286489323854617
49431095,0.131512613116458
49431174,0.22871998351761
49431184,0.215402861409742
49431566,0.1348486345445
49436001,0.382514907650628
49441025,0.142133027116735
49441028,0.124925042059128
49441185,0.190810680525139
49441186,0.179403818552511
49441269,0.239601604941599
49441270,0.179711511179407
49441688,0.035081061791632
49451029,0.10679429016577
49451032,-0.0255932930878523
49451040,0.292893926782551
49451041,0.19018726184329
49451042,0.23086820404201
49451225,0.125741794484017
49451474,0.259662721493499
49460001,0.100537898248925
49460920,0.174486301227363
49461043,0.246674091944631
49461049,0.327799093002274
49461050,0.0130782250286057
49470922,0.025534780097127
49471239,0.154231404151188
49471607,0.162657954933556
49473570,-0.00713293640971038
49473591,0.149955569999789
49474045,0.137456832737332
49475880,0.147827121670273
49475881,0.00800393625506799
49475899,0.206935869173147
49476015,0.20199144212426
49476127,0.0928366339508753
49480220,0.0220615012048819
49480221,-0.0534582267937557
49480224,0.0311544812868307
49480420,-0.0350502380640202
49480421,-0.0172871797991811
49480644,0.0664288651428267
49481604,0.196156103868126
49483516,0.0664972214190718
49483519,0.16240634598601
49483523,0.0136205371025034
49483524,-0.0156190028373154
49483538,0.120278443121957
49483571,0.234562925830002
49483582,0.0415272068471638
49483583,0.0838112687976952
49483594,-0.0437277024887568
49483595,0.0666106116228574
49483596,0.0513845224540935
49483598,0.110342538159209
49483613,0.162692008023475
49483647,0.0242010421983347
49484004,0.050872775713491
49484005,-0.0698494276598412
49484006,0.042021566468078
49484007,0.111774380152457
49484008,-0.00115044272456177
49484012,-0.0122560574977479
49484014,0.0685231501205202
49484015,-0.047432389060291
49484032,-0.0120410151509569
49484044,0.0155417183950388
49484049,0.320062349157705
49484215,0.170439408345425
49484357,0.304278440864649
49485843,0.0774633145730693
49485878,0.210165264259806
49485883,0.102277162328095
49485884,0.0283979853048627
49485885,0.103773974320066
49485887,0.231233291387282
49485888,0.143954043510958
49486001,-0.0152623420775967
49486080,0.0321677315437233
49486081,0.00351115403777682
49486089,-0.0536550910727132
49486336,0.126482493817651
49486465,0.246477131431814
49486523,0.216840919811689
49486524,0.18123634915552
49486563,0.06592956515842
49486564,0.119892136095373
49486565,0.150441520259692
49486591,0.136488552811177
49486604,0.179610402859805
49486888,0.0878032169210181
49487021,0.119884405991957
49490422,0.32158465815089
49490950,0.285817892367099
49490997,0.32912039009337
49491280,0.0733001148745915
49491433,0.157118710561072
49491434,-0.144438298256873
49491435,-0.0840595873646599
49491437,0.0131668331499937
49491854,-0.01844503717314
49491963,0.0347555724574091
49491964,0.0627071284390965
49491965,0.229955933201797
49491967,0.0248451821949994
49493520,0.14386964485288
49493584,0.0780995658201357
49493585,0.117365475872555
49493586,0.0326119325832264
49493587,-0.0552941497604597
49494043,-0.0243704893854037
49494048,0.0138052061379807
49495893,0.172980132441446
49496023,-0.0333785729021479
49496025,0.105056117905353
49496063,0.171281876612851
49496275,0.210299084943415
49496283,0.126712090864808
49500001,0.23052959548481
49500423,0.110279084998148
49500424,0.316439458547747
49500425,0.172522255420664
49500426,0.298255918302477
49500427,0.0857697291724831
49500946,0.268187667393479
49503436,0.210215159506453
49503512,0.113330770397938
49503611,-0.0254421419040252
49510001,0.0217926662225193
49510346,0.0479625109542994
49510347,0.0271400733987088
49510947,0.0577114119651532
49511131,0.0747611401274652
49511197,0.112755924679252
49511387,-0.061810800583526
49520001,0.126089646977116
49520341,0.146826306230078
49520342,0.129280405866749
49520343,0.0979852274075095
49520351,-0.00486170754913038
49520352,0.196106670749774
49520931,0.317773140420559
49530276,0.0448880874142967
49530277,0.180531546946888
49530278,0.0255992701646839
49530333,0.022132870961999
49530335,0.0767703453176663
49530336,0.0208369299358336
49530337,0.0710933853221156
49530339,0.00530576831335994
49530932,0.232157471558418
49530973,0.134733133886337
49530976,-0.0470996917831008
49530977,0.163609900328653
49530978,0.0745359666833449
49530979,0.0806816875290799
49531740,0.0148744168342433
49540280,0.0483582623526637
49540282,0.0738301621597642
49540285,0.00144632801653751
49540286,0.203960836355354
49540967,0.116590351226224
49541075,-0.00063227662920248
49541224,0.197949911744917
49541451,0.084796032926983
49541452,0.0170361440365316
49550022,0.368397452360173
49550648,0.339187518099572
49550711,0.197273677780427
49550794,0.0839963097327844
49551081,-0.0243256692969362
49551384,-0.0185196834708949
49553046,0.199802522041029
49553286,0.183129743239598
49553287,0.0377096905453734
50411143,0.158651041584894
50416002,0.0641168318467698
50420511,0.153875722749386
50420635,0.0629780441053515
50420821,0.274783035018336
50420824,0.122845140262244
50420842,0.0139201446072601
50420843,0.029432319030597
50420844,0.066811971636167
50420846,0.0798721211888567
50421076,0.270990968841984
50421458,0.035659477710843
50421564,0.373725796040409
50430022,0.425489863025216
50430645,0.0648591806372773
50430647,0.0944719982371392
50431936,0.220157793313743
50431950,0.124301924999209
50440646,0.183692513245235
50440915,0.0114127563916161
50441209,0.283056990629113
50441240,0.363729249598384
50441689,0.440468906753477
50446001,0.316959068825853
50450005,0.455851033130628
50450006,0.293072223008745
50450945,0.176772411188212
50451685,0.0749962399449101
50451984,0.134534957800931
50453282,0.0736279743316581
50453283,0.274260203103327
50453284,0.0508424168081673
50460035,0.455511461457298
50463280,0.110767896094462
50463281,0.348050815345312
50466002,0.345364090584334
50466601,0.277254154508154
50470001,0.250994013006789
50474010,0.407121039260036
50476008,0.413530906998202
50476013,0.398943229474831
50480002,0.241080430961397
50481214,0.337279726586338
50481215,0.327315102315184
50484046,-0.0182551843717284
50490001,0.499809693817669
50490002,0.330600728223707
50491423,-0.0669119805392061
50491428,0.0433882782252347
50491439,0.164146531392703
50491440,0.146356663820745
50491443,0.0823055490082236
50491444,0.106181078350944
50491445,0.00505370307398198
50491446,0.0615400303195291
50491952,-0.014163106017966
50491961,-0.0151742730503795
50491962,0.0596737059680503
50491966,0.209409570330689
50494033,0.124645351677834
50495894,0.124063680242603
50496064,0.148218819832559
50496161,0.184310403946657
50496165,0.43645287390046
50496166,0.258431641747316
50496167,0.410591137705492
50496180,0.160463683342221
50506014,-0.0829436280513409
50513360,0.208345715201093
50513361,0.132460647776478
50513362,0.252824485144873
50513363,0.223151121470687
50513364,0.289907164531072
50516001,0.117463158027387
50516002,0.0847046918728753
50516003,-0.0592272462329684
50516004,0.0288374879025585
50516009,-0.0272216679041855
50516010,-0.0734893720057506
50516023,-0.0371186898057111
50516024,-0.0696795747679165
50516025,0.0229428024352784
50516026,-0.0075575327729686
50530326,-0.00160790710301729
50530328,-0.0483836405451022
50530329,-0.0196770933774353
50536001,0.074324577975315
50540287,-0.00688573011930918
50540288,-0.0258483911125127
50540290,0.0232073116037474
50540291,0.0447795463678073
50540292,0.121999505697109
50540294,0.346748621133737
50540295,0.191834576244657
50540296,0.0858676434720834
50540323,0.198897863388933
50540980,0.175685983034828
50541200,0.0966897988210878
50546001,-0.022332908710954
50547249,0.0348053024676354
50547596,-0.159437340474887
50547706,0.1133508762544
50550642,-0.000889574351454293
50550708,0.0331889190970664
50550710,-0.00216809412697539
50557158,-0.0962379258302476
50557161,0.239627022819093
50557237,0.113060213558242
50557242,0.228572187633651
50557244,0.0820000888938791
50557252,0.0597940274643603
50557253,0.0587638945923435
50557258,-0.0594373575480846
50557260,0.136607261151915
50557263,-0.00566100656884557
50557264,0.0176375681465481
50557265,-0.163911655687773
50557597,0.228125300294295
50557602,0.194968048813751
50557687,0.171907161204723
50557692,0.236451952397484
50557695,-0.0628439243125806
50557696,0.300727935322261
50557697,-0.0369160665636654
50557699,-0.0829888528860231
50557700,-0.100032669626277
50557701,-0.13263924475405
51391127,0.179643309360052
51400744,0.13812110935109
51400746,0.0527595371705892
51400756,0.145651111143528
51403646,0.0740184086885979
51403647,0.017603407057525
51403648,0.115883679114819
51403649,-0.00993966563294189
51410022,0.440052334990392
51410769,-0.0537415295410125
51410817,0.122917884886305
51410818,0.333322009786242
51410820,0.0821578530092355
51410936,0.188788262139059
51411194,0.125185011902755
51416001,0.143558386616926
51416002,0.300538316835461
51416003,0.289740823076751
5142UEW1,0.170606201084802
51420812,0.0522238662863972
51420814,0.177903017593286
51421070,0.16365506155112
51421087,0.360063346435484
51426001,0.163147425552798
51431459,0.101183421594929
51431694,0.0582353479836422
51433270,0.00548542927319755
51433271,-0.0825317541111387
51433274,0.200141841567767
51433275,0.268174505666068
51433276,0.217424650272233
51433277,0.343196645633078
51433279,-0.00540641627735793
51436001,0.0373011139713404
51436002,0.253393195492377
51436005,0.116184710633341
51436006,0.100715244385103
51440042,0.303311709001888
51441154,0.222093797808359
51441155,0.186025046891815
51441156,0.297655130841093
51441682,0.0607786002923731
51446001,0.555688242823008
51446002,0.546973474530496
51456003,0.0931277729732665
51460003,0.459935071043105
51471218,0.138568086734119
51480001,0.345425071051969
51481216,0.203324997316202
51481217,0.379137526211272
51481385,0.212762978781101
51481565,0.218610831023118
51491207,0.315393403848697
51516002,0.00061110878494802
51540634,0.15247711648968
51540702,-0.0111072591048683
51546007,0.0225750932738966
51546014,0.0867603454752284
51546016,0.0630568665991449
51547131,0.0224923265391515
51547132,-0.0410594353185735
51547135,-0.0158295568245645
51547136,0.0403997138044354
51547141,-0.0142595715906098
51547142,-0.145554312829303
51547167,0.018504144906737
51547168,-0.0535699462830374
51547175,0.121332824600959
51547385,0.152945017070734
51547388,0.153606762794728
51547389,0.0729989328502843
51547390,-0.0828455623834594
51547395,0.0515331377038598
51547403,-0.0907870207322367
51547417,-0.0225977315485215
51547418,-0.101209442729743
51547423,-0.0390841523822907
51547426,0.214365553036258
51547427,0.105310717792761
51547428,0.126707976481872
51547430,0.103702300983587
51547438,-0.0127010594642689
51547440,0.0721930253298947
51547446,-0.0436495648699192
51547448,-0.145098805149158
51547449,0.136207109346565
51547450,-0.0409172081246522
51547451,0.169159546076602
51547452,0.138780551779571
51547453,0.0629537581934383
51547454,-0.0449128820492211
51547455,-0.0534216557139444
51547465,0.110917028183342
51547467,0.109416922035644
51547468,0.404090594647996
51547476,0.188856443506921
51547478,0.061361188051433
51547592,0.169285607711601
51547593,0.080137391779219
51547594,0.100871968613634
51557289,-0.0960935413982657
52393650,0.113618009673385
52393651,0.309109375600407
52393652,0.127211557710825
52393653,0.271653282724438
52393655,0.244995383209797
52393656,0.165060116657789
52400003,0.212309266547564
52400005,0.206683230207713
52400749,0.114072629621933
52400750,0.319713582349287
52400751,0.281943182281131
52400752,0.0757484450931428
52400762,0.175588403793383
52400764,0.023436702936766
52400765,0.0249290062839684
52403657,0.063205508608661
52403658,0.0980061247165396
52403659,-0.00100580864369692
52403660,0.0461874863376309
52403661,0.112243258876135
52403662,0.0953978644064465
52403663,0.268797787165888
52403664,-0.03157400769287
52403665,-0.027921791403374
52403666,0.0965840744451334
52403667,0.0184156304877925
52410759,0.0864861264970518
52410760,0.0514412999611972
52410776,0.321940997510981
52410799,0.0895763222797918
52410805,0.120800493615325
52410935,-0.0425767918256166
52411193,0.158513414934754
52411234,0.0402345895950607
52411518,0.0396106817558713
52411556,0.365904561202046
52416007,0.15803664486159
52416011,0.279887056841045
52416013,0.314837937280085
52416014,0.40415630350361
52416029,0.258433614739087
52420005,-0.0223981542543493
52420801,0.334187653130976
52420802,0.144274213115462
52420804,0.208517517317296
52420809,0.237975179507731
52420816,0.170931725558232
52420829,0.322178586197119
52426003,-0.132706705753392
52430018,0.460135413455436
52431108,0.425077232882003
52431157,0.282436849172028
52433268,0.172000157790603
52433269,0.208435445046561
52433273,0.126274123773547
52436001,0.281459615989213
52436002,0.0968437400289892
52450001,0.367857888760604
52456001,0.412150337059098
52456002,0.411840720809385
52460001,0.417289102807188
52496001,0.425155431079848
53370160,0.163001209089863
53393668,0.198974270103869
53393669,0.0847717950029307
53393670,0.0893426679566966
53393671,0.0730377051534443
53400001,0.136337561185873
53400002,0.267373319530203
53401126,0.111619999717256
53401235,0.21871944693227
53403672,-0.0361415317780523
53403673,0.0675343548575461
53403674,0.239950507430287
53403675,0.143717201419027
53403676,0.372229150745056
53403677,0.264816036835853
53403678,0.166667919559805
53410001,0.276735690322628
53410002,0.308557836226851
53411065,0.162861046886347
53411067,0.120334952894845
53411069,0.221898026452489
53416000,0.0517732910425523
53416004,0.0597304850252357
53416011,0.0780827676115274
53416012,-0.0532509449574084
5342UEW3,0.384395288874722
53420826,0.334694696224093
53420827,0.124070601949406
53440005,0.516552579168096
53440007,0.536816834563312
53456001,0.350660543062398
53456002,0.378163344429348
53466001,0.332366032521779
53466002,0.395647162964009
53466003,0.36553045487186
53466004,0.463295740029654
54370001,0.269643803914887
54370002,0.153332180772308
54370111,0.117977115563847
54383678,0.166475346282002
54383680,0.256892596824292
54383682,0.101397550259502
54393683,0.0354693058696003
54393684,0.276350764474137
54393685,0.131557490308747
54393686,0.234334650202403
54393687,-0.291258929585129
54393688,0.295243644448329
54396001,0.122996342304537
54396002,0.120595578664927
54396003,0.210111897484843
54396004,-0.00341328382761766
54396005,0.104100456099132
54396006,-0.0410351163364764
54396007,0.0995212369667743
54396008,0.193602212823643
54396009,0.204470769803734
54396010,0.162025409226758
54396011,0.282307125966203
54396012,0.380960347873767
54396013,0.412117188471158
54396014,0.431205278708276
54396015,0.443788736834621
54396016,0.440285243516299
54403689,0.247845977499985
54403690,0.303161353819004
54403693,0.277117309762077
54403694,0.173419326811005
54413645,0.175299148337664
54420001,0.554586270896886
54420004,0.538786245880806
5445MOO1,0.241191836573124
5445MOO2,0.404716681431018
5445MOO5,0.293188871111698
5445MOO6,0.265314292691173
5445MOO7,0.177643944203756
5445MOO8,0.135031748804421
5445MOO9,0.150033907704726
55383697,0.26618827031686
55383698,0.116678926293932
55390001,0.293177046938612
55390002,0.152298632518742
55393699,0.317819518410833
55393701,0.154609910847558
55393702,0.124778614043405
55400001,0.218424453948238
55403703,0.264295747173433
55430001,0.317772520321735
56383704,0.150936098428199
4451B6018,-0.0441015179346996
4451B6053,-0.0608463004015361
4451B6085,-0.0961790355460453
56393708,0.442407448821565
56393711,0.31195285992475
56393712,0.320402280758874
56401226,0.163384079385163
57390002,0.144560572443618
4452B4597,0.18801949779063
4452B4607,0.0438047893465165
4452B4806,0.126861883278209
4453B4234,0.0765808171343237
4453B4540,-0.0585172182360228
4453B4672,0.147784758117742
4453B5631,0.146240588579628
4453B5632,0.257027231545236
4454B0080,-0.106016700140835
4454B0165,0.193615230480548
4553B4537,0.0109734106414653
4553B4539,-0.0356081324051203
4553B4813,-0.0706995157702235
4554B0022,-0.0766076401648482
4554B3426,-0.124709294257467
4554B3631,-0.203112678907852
4554B3714,-0.00992908371848927
4554B4483,-0.00329824890014648
4554B4484,0.148539049588961
4554B4719,-0.135327934505043
4554B4778,-0.148117000611175
4555B0053,-0.089956764465518
4555B0066,0.247046254726741
4555B0073,-0.028039266655851
4555B0110,-0.0258552471383869
4555B0112,0.26529902550386
4555B0140,0.231540279312593
4555B3668,0.271738017704935
4555B3683,0.0288131335945934
4639E0101,0.125148743263173
4640E0208,0.089983676759475
46410013K,0.114948846258942
4653B3724,0.0820581595549467
4653B6075,0.0641722188584124
4654B3690,0.152927523026718
4654B3691,0.132730746334625
4654B3692,0.131272523627511
4654B4006,0.0689365484373692
4654B4024,0.0685083161394912
4654B4056,0.0989332047642404
4654B4057,0.184745701146546
4654B4138,0.184001211853683
4654B4154,0.174222484232851
4654B4196,0.146219665529115
4654B4208,0.19242593859688
4654B4238,0.123666455335231
4654B4239,0.183683740133653
4654B4314,0.309109085102001
4654B4315,-0.0801056341775997
4654B4524,-0.101626048047587
4654B4525,0.174077826324236
4655B4194,-0.0679715485695769
4739E1295,0.227134813111797
47391476a,0.0721382836335341
4740B0222,0.355957488286572
47410003s,0.0471889745469908
47410214a,0.0628803539033702
47410405a,0.0448175734758365
4741B1_II,0.14822539961908
4741P11_1,0.0671302085429064
4741P11_2,0.0782319649271933
4742E0478,0.00766114710067065
4840B5000,0.343585144636701
48400002a,0.165185095364161
48410001a,0.0495075720976495
4855B1253,0.075616049093108
4855B1592,0.396608414961275
4855B1670,0.118661866639801
4948E3538,0.272189913968329
494868771,0.175297809308663
4955B1640,0.00183368063335727
4955B1865,0.428483945237718
4955B2563,0.00820296014371341
5142S0001,0.353141206993949
5143S0001,0.451608269854199
5143S0002,0.449598931081336
5143S0003,0.201258568591443
5143S0005,0.556400461188676
5143S0006,0.342147095822947
5143S0007,0.372213769364954
5143S0008,0.463672706919897
5143S0010,0.494326837572891
5143S0012,0.433421175182002
43429730_1,0.0779822557451321
5143S0017,0.371144428667624
5143S0018,0.11622107089383
5143S0020,0.425541397390322
5143S0021,0.350343345778941
5143S0023,0.13110369655848
5143S0024,0.501004826356965
5143S0025,0.275436241883906
5143S0026,0.151984209835063
5143S0027,0.502858204921889
5143S0040,0.479877957020482
5143S0042,0.235224797996926
5143S0043,-0.0323434296674634
5143S0044,0.0185640934807123
5143S0045,-0.0137459646101473
5243S0002,0.151235749630151
5243S0003,0.575915909528392
43429730_2,0.0575324428413309
43440002_2,0.261056600846194
4439ST0001,0.0463206216243804
4439ST0104,-0.0383017781867655
44390376_1,0.0426621898121928
44390376_2,-0.0915296523816535
44392976_2,-0.222727608007945
44392976_3,0.00116235601792489
44400323_1,-0.0212254129478809
44400323_2,-0.189864243543357
44400361_1,-0.0602038419251969
44400361_2,0.0533792832428395
44400865_1,-0.0113720716223893
44400865_2,-0.0332156160875202
44400865_3,0.0792736177471467
44401266_1,0.02107075512397
44401266_2,0.0423311078982074
44401566_1,-0.0451183604180538
44401566_2,-0.0607815606042731
44401566_3,0.105144011577008
44402666_2,-0.126685028734487
44402666_3,0.126974991473126
44402666_4,0.102336879953254
44403366_1,0.0892236798882197
44403366_2,0.0755479949023742
44403366_3,0.100960410322649
44405267_1,0.0115317361567078
44405267_2,-0.00119328956588345
44410264_1,0.0789671004142512
44410264_2,0.00421983186770198
44410264_3,0.0492915345390278
44410322_1,0.0710443231883492
44410322_2,0.00699053952433879
44410382_1,-0.00818062352667874
44410382_2,0.0206279302836761
44410506_1,-0.108802327170004
44410506_2,0.141634212198683
44410506_4,0.155123031910146
44411766_1,0.0393661565879598
44411766_2,0.0505386313995567
44411766_3,0.166424061952891
44416067_1,-0.137611132988827
44416067_2,0.120650085678984
44416167_1,-0.0869698387599145
44416167_2,-0.060029070555218
44416167_3,0.144252313219255
44416268_1,-0.102544055901182
44416268_2,0.12641168951344
44416468_1,-0.00351608488218769
44416468_2,0.0389760454886497
44424567_1,-0.0193203715337066
44424567_2,-0.124160920867176
44424567_3,-0.0410509935449545
44424767_1,0.085020445090564
44424767_2,-0.0403705150654518
44424767_3,-0.0395490085165301
44424767_4,-0.0122838127086014
44425367_1,0.123035423206355
44425367_2,-0.0300050557764511
44425367_3,0.00851614555779431
44425367_4,-0.0273413268948974
44430034_1,0.15714884207528
44440102_1,0.141298995674039
45390536_1,0.0294419523668939
45390536_2,-0.0448668584502051
45400022_1,-0.0376763194895045
45400022_2,0.0704569901886419
45400022_3,0.0599318927751168
45400048_1,0.0973451575388485
45400048_2,-0.135864120030865
45410001_1,0.153427480503073
45410001_2,0.177414268946334
45411587_1,0.0306763426882033
45411587_2,0.0779593774094538
45412066_1,0.0202579555485933
45412066_2,-0.0272382358132486
45412066_3,0.04417306066061
45440300_2,0.0678117798566317
45450001_2,0.147895994617913
45503801_1,-0.00907779916267063
46390117_1,0.00244146284712108
46390117_2,-0.0337944499224245
46390382_1,0.0963028881368124
46392245_1,0.098419211395503
46392245_2,-0.0392737314109091
46392295_1,-0.138336320221152
46400030_2,-0.0800982822398166
46400072_2,0.000859406916952286
46400161_1,0.139438262637608
46401505_1,0.186269440981022
46401505_2,-0.0442148532531671
46401517_1,-0.17365284313008
46401517_2,0.0306252299433211
46402234_1,-0.0139481525423614
46402234_2,-0.01939279350732
46402603_1,0.151517252744252
46402603_2,0.146054601412467
46402805_1,0.218416873972603
46402805_2,0.244361718386305
46402811_2,0.164018773901275
46410001_4,0.0386593060646927
46412000_1,0.181587611508095
46412000_2,0.213676487187393
46516601_1,0.360704326000489
47400006_1,-0.147840090397113
47402780_2,0.19912186939455
47403286_1,0.0439792699684191
47403286_2,0.191642426267773
47403354_1,0.100811724164259
47403354_2,0.0455632946145461
474100B4_2,0.00922520060516006
474100B5_2,0.0206766032975886
474100B6_1,-0.172685439972707
47410002_1,0.0108297964724364
47410012_1,0.122301050373063
47410025_1,0.190515158509695
47410025_2,-0.0318936893229237
4741W038_1,0.0409340564940735
4741W038_2,0.0765745127533811
4741W039_1,0.0732490642332361
4741W039_2,0.0819602869091449
47410B21_1,-0.0929152857065786
47410470_1,0.242606293406893
47410470_2,0.145471345886809
47420001_1,0.0984810990462116
47420001_2,0.0404115759845003
47430301_1,-0.0392991572757659
47430301_2,-0.0245833055868226
47430401_1,-0.137934676375553
47430401_2,0.00737607763655919
48400049_1,0.088449921699374
48400049_2,0.0730171416729745
48410001_1,0.286890425549754
48420001_5,0.344513617368308
48420001_6,0.188210848347407
48466901_2,-0.167801201874921
48476315_1,0.109063149494968
48477015_1,0.194394742417824
48510001_2,0.0502277495669853
49485475_3,0.212626066132491
49486609_1,0.0861932847994504
49486616_1,0.136694143368842
49487007_3,-0.009054554927751
49487025_1,0.0736060078279454
49487034_3,0.0288785309280503
49487038_2,0.00230529395429258
49487042_1,0.0803928110704477
49487741_2,0.0428569960869448
49490001_1,0.0835633459083016
49496703_3,0.0112332294292807
49496704_3,0.0841147615029044
50486201_1,0.104538460662871
50496159_2,-0.150453355496307
51516006_1,-0.133780571790532
51516006_2,-0.0669506087798284
51516006_3,0.0473295112060786
45450001_1a,0.240649593087879
4839B600071,-0.200326019392422
5055P00005_3,-0.0417337990069429
55380001_1,0.27681039069629
