"","mkz","min_dist"
"1","43420059",290.749300039257
"2","43420066",297.457350074615
"3","43420072",227.341310595643
"4","43425058",468.57611092216
"5","43425059",106.405905780263
"6","43425060",348.534573618441
"7","43425061",225.097893522229
"8","43425066",309.651604970433
"9","43425068",619.810511658053
"10","43425069",557.689345018935
"11","43425100",331.594190246462
"12","43425103",513.989093992297
"13","43425105",1097.25957677098
"14","43425106",1333.76873737428
"15","43425107",19.35245136419
"16","43435043",323.246235589983
"17","43435044",76.4464875533779
"18","43435045",473.993586569031
"19","43435072",401.195569021491
"20","43435073",1013.50819650059
"21","43435074",1211.55226929804
"22","43435075",865.158645338483
"23","43435077",799.998069060442
"24","43435078",474.551646080772
"25","43435079",280.617960787698
"26","43435080",619.799152618339
"27","43435081",654.48684771364
"28","43435082",288.289769443305
"29","43435083",711.818203787912
"30","43435084",274.999660262011
"31","43435085",122.057844238815
"32","43435086",209.00302536472
"33","43435087",260.383895149679
"34","43435088",1103.82948992301
"35","43435089",1403.1431152826
"36","43435090",1520.70365821764
"37","43435091",1638.57305476674
"38","43435095",923.936849497228
"39","43440001",435.489508196712
"40","44391280",43.4198787545857
"41","44393876",835.662999492781
"42","44396262",303.246150685821
"43","44396267",429.503817558786
"44","44396268",709.809717419321
"45","44396269",1116.74927269629
"46","44396279",158.252512268418
"47","44396281",226.879505118032
"48","44396283",666.038616736726
"49","44396284",198.889015283483
"50","44396285",135.162396065074
"51","44396286",369.136962720223
"52","44396300",343.273163288678
"53","44396301",712.147141942852
"54","44396305",950.758450593591
"55","44396310",594.699759495818
"56","44396311",783.623391179472
"57","44396312",191.705677853674
"58","44396313",634.920872860913
"59","44396314",138.527254601204
"60","44396315",368.550783581143
"61","44396316",358.073554470821
"62","44396317",635.804685919415
"63","44396318",14.9414388030386
"64","44396321",159.643843653122
"65","44396323",275.406574804809
"66","44396325",1462.84184759498
"67","44396336",885.525824121608
"68","44399349",464.506928834082
"69","44399354",362.316466979544
"70","44399398",379.329322329691
"71","44400015",425.772759132329
"72","44400016",1033.28859783848
"73","44400025",273.974566122025
"74","44400238",954.964480938159
"75","44400501",644.941581425929
"76","44406309",628.92097864938
"77","44406337",0
"78","44406339",258.440767796948
"79","44406340",399.331267867857
"80","44406341",269.344593887519
"81","44406363",57.7373173260586
"82","44406364",193.493145760009
"83","44406366",1908.38669139766
"84","44406370",1310.84931087546
"85","44406377",433.265700233574
"86","44406378",535.583511898225
"87","44406379",1579.95758020561
"88","44406380",90.9223622997362
"89","44406387",894.14607271355
"90","44406388",1285.44091783381
"91","44406389",987.771030708012
"92","44406391",61.8991209442437
"93","44406392",312.92287330833
"94","44406394",158.684451623875
"95","44406395",167.034766130544
"96","44406396",175.490798372719
"97","44406397",75.6593386395595
"98","44406400",1337.32833151933
"99","44406402",532.928975031906
"100","44406403",106.315313620481
"101","44406406",210.95422608681
"102","44406407",74.2492148637837
"103","44406409",695.958531996881
"104","44406410",517.164514772525
"105","44406411",1112.40612539767
"106","44406412",870.959882699111
"107","44406417",135.330914322748
"108","44406418",736.937469931781
"109","44406420",38.6682802573276
"110","44406421",735.82138938951
"111","44406432",0
"112","44406436",1058.77469966166
"113","44406440",0
"114","44406441",348.482155086071
"115","44406443",254.481459839371
"116","44406444",168.194231087053
"117","44406446",152.317529605257
"118","44406447",264.899242229258
"119","44406448",136.842086402245
"120","44406449",546.145122319389
"121","44406451",517.744766547175
"122","44406452",448.21064895672
"123","44406453",367.923924982495
"124","44406454",238.509674394675
"125","44406455",403.39223573962
"126","44406456",318.313927676366
"127","44406457",259.874966279946
"128","44406474",102.816437393523
"129","44406475",656.822893020864
"130","44406476",346.67196688833
"131","44406477",93.3697355482312
"132","44406479",309.912674407724
"133","44406480",11.5394530265508
"134","44406481",134.791550836853
"135","44406483",140.045582264518
"136","44409353",432.846047765253
"137","44409360",342.169504600031
"138","44410050",506.741360091764
"139","44410348",799.105567885298
"140","44416471",661.417564915813
"141","44416479",715.281018956489
"142","44416480",1003.06569813141
"143","44416481",510.553775598718
"144","44416482",1101.70186781986
"145","44416483",851.063341162409
"146","44416484",860.115940021552
"147","44416485",596.857174215392
"148","44416486",65.9151736656315
"149","44416488",519.95803710033
"150","44416492",910.574421645336
"151","44416493",1224.31654223056
"152","44416494",609.828179698342
"153","44416497",989.50201319606
"154","44416498",433.173681960447
"155","44416501",1428.93351104154
"156","44416505",741.768460712723
"157","44416506",652.935935941592
"158","44416510",1134.28770668101
"159","44416517",69.2742489161068
"160","44416518",80.075913080183
"161","44416531",417.894798235835
"162","44416532",690.539350490735
"163","44416533",371.164553103328
"164","44416534",44.8761358303211
"165","44416535",37.2552276008087
"166","44416536",446.114067666281
"167","44416541",1112.85291717143
"168","44416542",516.581401434051
"169","44416543",575.019147590168
"170","44416548",919.769237380252
"171","44416549",819.134418835348
"172","44416551",124.88098604632
"173","44416552",300.263684219634
"174","44416553",1593.29803787532
"175","44416555",112.523192899442
"176","44416556",481.373259900999
"177","44416557",59.545515163609
"178","44416610",904.352070673303
"179","44420002",52.675508826602
"180","44425470",2293.87935513126
"181","44425471",2251.31477771334
"182","44425476",712.507758742309
"183","44426530",113.682242590211
"184","44426567",1711.73712150607
"185","44426571",3943.76839769422
"186","44426572",2864.12618392247
"187","44426573",2649.78603619724
"188","44426574",3997.58682318276
"189","44426575",3102.26871474474
"190","44426576",3022.94395660734
"191","44429484",2861.81541297697
"192","44430001",1840.53029193414
"193","44430053",768.641503676528
"194","44430056",829.248407366991
"195","44430100",1755.41729654054
"196","44430201",590.991310933076
"197","44440104",169.673293678425
"198","44445022",1170.88700877322
"199","44445023",94.3331553365997
"200","44445029",359.865361152094
"201","44445034",762.613532421652
"202","44445035",1157.76306454584
"203","44527351",259.297069919753
"204","44533080",543.266228129553
"205","44533384",756.114465144344
"206","44540001",821.179848123163
"207","45390002",111.951305346515
"208","45390006",185.507105313521
"209","45390007",813.56339425004
"210","45390014",357.616519886286
"211","45390017",108.944460673574
"212","45390018",344.52850635059
"213","45390023",805.629924324658
"214","45390090",927.104164982054
"215","45391856",127.684195495086
"216","45394576",341.926387971469
"217","45394676",251.156692331908
"218","45396218",143.18602568893
"219","45396221",841.464954792702
"220","45396222",443.6213201873
"221","45396229",268.751383066603
"222","45396230",376.336664976156
"223","45396231",404.535538678403
"224","45396233",54.0153957401315
"225","45396234",0
"226","45396236",136.938486713023
"227","45396237",110.12783614566
"228","45396238",150.758508471752
"229","45396239",209.198507924933
"230","45396240",80.0279026773512
"231","45396241",178.454436606935
"232","45396242",29.4031240079808
"233","45396243",59.6801607740531
"234","45396244",652.984127593491
"235","45396245",40.5950368512656
"236","45396246",191.899575705652
"237","45396247",135.075410546274
"238","45396248",28.2628650618542
"239","45396249",946.154989610308
"240","45396250",290.285425313371
"241","45396252",210.287525712825
"242","45396253",0
"243","45396254",0
"244","45396255",61.9870561308611
"245","45396256",69.4068016766307
"246","45396258",267.612993586676
"247","45396259",71.4043353347561
"248","45396260",228.103551322755
"249","45396261",176.98258094771
"250","45396266",64.785196415971
"251","45396267",12.0051125997435
"252","45396268",200.058490961715
"253","45396338",387.718522481089
"254","45396339",0
"255","45400016",187.285194439565
"256","45400020",510.754184775414
"257","45400040",732.324470106757
"258","45400522",36.7627961471818
"259","45400604",40.4722585069584
"260","45400717",99.7453357201793
"261","45401288",47.0177579282965
"262","45401323",1097.1707228311
"263","45401342",531.708894384204
"264","45406137",225.414914665864
"265","45406145",678.508205176138
"266","45406146",614.469321102561
"267","45406147",129.077028887664
"268","45406149",112.205413927446
"269","45406150",156.248249858154
"270","45406152",323.421842406964
"271","45406153",235.208553215286
"272","45406154",271.016442036363
"273","45406156",632.35773460994
"274","45406157",837.970681467467
"275","45406160",697.918668829351
"276","45406161",64.8682005237692
"277","45406162",1068.56934870652
"278","45406163",1065.77072196876
"279","45406164",299.277247226591
"280","45406165",219.642361772673
"281","45406166",921.350122622268
"282","45406168",1461.197696828
"283","45406169",1804.81278911618
"284","45406170",491.096705399923
"285","45406171",121.576847722754
"286","45406172",181.066983170499
"287","45406173",1209.19002768614
"288","45406175",829.503792198348
"289","45406177",140.346526693821
"290","45406178",119.888620300363
"291","45406180",1080.51457094195
"292","45406183",276.844478957505
"293","45406184",181.970855356839
"294","45406185",96.7202482486796
"295","45406186",100.403709455828
"296","45406187",76.8936533329707
"297","45406373",416.133938920518
"298","45406374",949.628308036254
"299","45406375",792.526987172445
"300","45406384",246.184261444454
"301","45406385",139.897161931909
"302","45406386",172.320630905312
"303","45406476",252.658872437104
"304","45406477",324.940553611965
"305","45406480",135.193227672284
"306","45406600",47.6621831571484
"307","45406601",7.76734501886707
"308","45406602",70.2922180291318
"309","45410012",263.220438510571
"310","45410101",677.180747458945
"311","45410449",117.400823923667
"312","45411340",626.106164709936
"313","45411588",902.929069482412
"314","45411589",901.114984588046
"315","45416104",139.720763384731
"316","45416116",89.5271476741718
"317","45416117",33.0611057875926
"318","45416118",915.696834753792
"319","45416119",561.500922688722
"320","45416126",604.800028109065
"321","45416127",501.18651536766
"322","45416128",785.770261868478
"323","45416129",661.052050546391
"324","45416130",414.144573573588
"325","45416132",443.365116183922
"326","45416133",134.686964969114
"327","45416135",249.080003744908
"328","45416138",179.188361058415
"329","45416139",346.268804838973
"330","45416140",269.498378209307
"331","45416141",941.768475541867
"332","45416458",1313.82344415846
"333","45416459",1313.68481243313
"334","45416461",1428.6947986726
"335","45416462",1428.6947986726
"336","45416463",1260.56134561847
"337","45416464",1260.56134561847
"338","45416465",131.293921779362
"339","45416466",131.293921779362
"340","45416467",436.750132034992
"341","45416468",436.752039099506
"342","45416479",349.507935159564
"343","45416526",418.258974726617
"344","45416528",472.584711619193
"345","45416529",33.7962578274687
"346","45416538",134.138169190213
"347","45416539",841.604877650226
"348","45416540",123.426386641099
"349","45420012",1143.85908741824
"350","45420899",177.166359922899
"351","45420900",105.549872567882
"352","45421335",527.683968788499
"353","45421336",114.423945881873
"354","45426104",295.38870253284
"355","45426105",676.790855385978
"356","45426106",322.304949640684
"357","45426107",238.103670333996
"358","45426108",75.90596066421
"359","45426109",66.4500453956768
"360","45426110",146.035633132373
"361","45426111",390.409801928605
"362","45426112",328.100118002736
"363","45426113",748.316228585585
"364","45426114",1476.32539641685
"365","45426115",1476.32539641685
"366","45426142",225.984140423442
"367","45426278",1245.56919059637
"368","45429513",504.227036772879
"369","45430001",251.286361077089
"370","45430522",703.067255969661
"371","45430523",132.060484837819
"372","45431737",147.758681073256
"373","45440655",815.292764512645
"374","45445017",486.930171630873
"375","45445018",523.979589286514
"376","45445019",33.1886415190278
"377","45460301",772.938173033974
"378","45460311",402.341706085153
"379","45461513",697.099230559234
"380","45461636",744.841221347653
"381","45461873",1239.41933357099
"382","45471871",165.380172595295
"383","4550B145",289.708669366625
"384","45503372",647.062074093323
"385","45503376",569.051740408643
"386","45503442",735.588561982964
"387","45503443",364.001114078051
"388","45503444",273.010333309465
"389","45503445",375.123500404398
"390","45503446",244.125639444743
"391","45509002",332.510735555899
"392","45510001",109.6367515569
"393","45510012",44.4617388601756
"394","45512208",1217.64652376406
"395","45513450",204.726324909856
"396","45513515",1172.23769229528
"397","45513558",709.204608632986
"398","45518126",322.758808509135
"399","45528110",866.219235783003
"400","45540001",242.726718835163
"401","45543090",393.880496717318
"402","45543092",479.381174530468
"403","45546201",463.334101961205
"404","45546202",3736.42138723795
"405","45546204",2123.12364746192
"406","45549001",414.481411634634
"407","45553050",15.2041784025078
"408","46380113",531.103606751416
"409","46390001",63.0707105009427
"410","46390003",133.807455496316
"411","46390004",358.909575170379
"412","46390005",440.670758526442
"413","46390008",883.198875051556
"414","46390009",28.6051305746198
"415","46390010",452.025929797525
"416","46390011",118.014216093155
"417","46390014",24.8837595380409
"418","46390017",137.955810805405
"419","46390018",23.3755751012699
"420","46390020",83.0406954723542
"421","46390021",202.535845466809
"422","46390035",199.56242204548
"423","46390040",416.468213241141
"424","46390043",404.506055009689
"425","46390059",1329.60544912758
"426","46390060",644.097163084469
"427","46390061",887.771033813975
"428","46390062",0
"429","46390063",215.098878779417
"430","46390064",143.040316464964
"431","46390065",262.53373755081
"432","46390066",47.5671351275692
"433","46390067",298.429578709592
"434","46390068",600.312011812922
"435","46390069",641.409020053303
"436","46390070",235.019558309254
"437","46390071",481.331003155797
"438","46390074",200.588171369483
"439","46390076",297.678674558087
"440","46390079",654.397650909378
"441","46390098",371.455672258664
"442","46390101",213.961780800065
"443","46390102",640.828585093829
"444","46390103",840.286503490723
"445","46390104",723.358855640407
"446","46390105",1050.89934483806
"447","46390109",389.203658160215
"448","46390111",55.0108488069243
"449","46390120",0
"450","46390131",403.420497742182
"451","46390138",852.688130918483
"452","46390150",288.021421956954
"453","46390168",925.241516410995
"454","46390185",253.076803704994
"455","46390194",1367.60480700431
"456","46390203",548.237845278609
"457","46390204",0
"458","46390206",157.876459489428
"459","46390234",433.510656300603
"460","46390251",1051.86788144928
"461","46390253",487.024734871772
"462","46390257",446.131315315725
"463","46390298",189.771859603541
"464","46390570",381.473370862441
"465","46390714",191.311339172385
"466","46390715",441.396414314621
"467","46390851",248.407742246742
"468","46391246",280.756396346652
"469","46391293",489.515741863059
"470","46391311",81.1298216307049
"471","46391313",158.159346435102
"472","46391314",291.819078384572
"473","46391316",145.535351388916
"474","46391416",205.70198490866
"475","46391417",1026.70044203409
"476","46391418",677.891766075108
"477","46391420",660.692767458389
"478","46391421",338.208868042229
"479","46391422",22.7084680832423
"480","46391693",428.473421380112
"481","46391694",329.695742987274
"482","46391701",106.877312022059
"483","46391702",94.9136970706419
"484","46391705",159.466684272888
"485","46392270",520.291464870036
"486","46392294",521.935110909454
"487","46392296",218.693855826268
"488","46392323",176.065854446528
"489","46392762",38.8412643386085
"490","46392766",1123.20622946976
"491","46400001",281.159176014365
"492","46400002",280.976948927544
"493","46400003",447.333006603528
"494","46400004",371.454507696624
"495","46400005",90.5538792783033
"496","46400006",133.821851381909
"497","46400007",422.90401442237
"498","46400008",547.319500053466
"499","46400009",372.02931519758
"500","46400010",143.241102367489
"501","46400011",249.611036856498
"502","46400012",740.286337887825
"503","46400013",152.38890060877
"504","46400014",156.435307772556
"505","46400015",287.331128723539
"506","46400016",286.554499498209
"507","46400017",641.002009811616
"508","46400018",88.3209162078894
"509","46400019",346.304879861977
"510","46400020",466.274431704265
"511","46400021",348.775554485136
"512","46400023",476.781592189718
"513","46400025",96.2713785668897
"514","46400026",83.6496354608376
"515","46400027",203.457965999188
"516","46400028",124.351262588173
"517","46400029",800.344576631617
"518","46400031",511.264453779554
"519","46400032",452.040212172465
"520","46400033",115.259026095938
"521","46400034",604.61836959198
"522","46400035",119.794743695634
"523","46400036",247.450371378729
"524","46400038",412.790435895436
"525","46400039",411.851197936586
"526","46400040",211.881159709841
"527","46400043",174.43307071482
"528","46400044",212.824211664162
"529","46400045",605.112789482246
"530","46400046",444.087596525781
"531","46400047",604.879134728416
"532","46400049",583.931759684727
"533","46400061",385.184498850817
"534","46400067",1481.91130727358
"535","46400068",1324.9974633087
"536","46400090",637.456416710969
"537","46400100",660.662973243236
"538","46400101",607.182679364136
"539","46400102",506.699372532245
"540","46400122",867.175379472844
"541","46400124",546.485176530016
"542","46400128",940.683413644367
"543","46400168",272.390224480859
"544","46400170",418.939865654037
"545","46400195",46.3904566517208
"546","46400202",228.939021091546
"547","46400208",1048.77163222337
"548","46400386",566.588873283591
"549","46400392",629.283732516549
"550","46400410",786.231182559734
"551","46400413",78.9519031528155
"552","46400415",317.387944487408
"553","46400416",259.355619198578
"554","46400418",800.909936868101
"555","46400420",62.3583169819393
"556","46400439",638.716482839152
"557","46400487",366.488020451171
"558","46400516",69.2715376658349
"559","46400520",309.302156564843
"560","46400537",724.512224755133
"561","46400548",944.106370439907
"562","46400556",424.475337382487
"563","46400557",244.735804823818
"564","46400558",200.610057205782
"565","46400567",178.142842425935
"566","46400578",609.614784278498
"567","46400595",637.750474084298
"568","46400621",871.353514045037
"569","46400638",83.7509977997941
"570","46400650",614.839029453785
"571","46400651",95.8770429173797
"572","46400671",523.30743756715
"573","46400701",656.55439725127
"574","46400998",349.099649431437
"575","46401337",340.562924700058
"576","46401338",363.530372984207
"577","46401339",484.728262192596
"578","46401400",223.0695751304
"579","46401402",798.218347086097
"580","46401403",358.007934939518
"581","46401500",229.860050203238
"582","46401502",210.462246260465
"583","46401504",614.64161170081
"584","46401506",385.132638518083
"585","46401507",221.795834435357
"586","46401508",421.856758382444
"587","46401509",640.262948921249
"588","46401510",190.373120912882
"589","46401512",568.98748213715
"590","46401514",710.264739067582
"591","46402276",486.53855462813
"592","46402281",725.320862291321
"593","46402299",774.808329123249
"594","46402314",1188.12618412473
"595","46402325",514.576771490879
"596","46402326",455.811371979575
"597","46402327",280.685299090562
"598","46402637",289.655421935324
"599","46410001",478.296377026431
"600","46410013",904.638111770849
"601","46410041",82.0745502764039
"602","46410042",124.056431999567
"603","46410074",194.670155917714
"604","46410107",315.412346921655
"605","46410216",579.070203255609
"606","46410301",104.862096193081
"607","46410302",83.6496344162726
"608","46410303",69.1640945441274
"609","46410304",83.3644393110136
"610","46410356",443.691124466414
"611","46410417",473.886072131177
"612","46410420",158.08090252579
"613","46410428",743.952585994804
"614","46410431",480.393583119696
"615","46410441",407.177832809829
"616","46410461",692.762714714478
"617","46410482",177.973608754145
"618","46410483",341.543218377932
"619","46410484",217.428290186172
"620","46410525",38.6952443644273
"621","46410P14",432.483107310226
"622","46410660",133.893156171275
"623","46410661",254.265586116156
"624","46410720",152.871159017487
"625","46410891",53.6790248559466
"626","46410981",1493.68679696461
"627","46411077",213.24807542136
"628","46411088",432.754128136046
"629","46411341",390.268144488024
"630","46411934",265.698005311142
"631","46420108",729.457171767142
"632","46420109",741.383043968153
"633","46420524",43.6218318218233
"634","46420525",107.343191744592
"635","46420526",1381.22694421305
"636","46420661",111.626441099156
"637","46420893",716.83700249832
"638","46420894",231.794866648974
"639","46420896",84.3970256611121
"640","46420897",1823.33128194299
"641","46420901",30.1633971789391
"642","46421125",27.2951909278725
"643","46421331",802.52951880648
"644","46421332",279.678556151091
"645","46421334",213.644601929469
"646","46421986",91.2807799209639
"647","46421987",276.669888881658
"648","46421988",248.370679739627
"649","46429519",849.656288884302
"650","46430115",452.86835757415
"651","46430116",60.3001366712145
"652","46430119",1913.6338236253
"653","46430359",358.503834785632
"654","46430531",24.5660715073734
"655","46430532",299.198636238904
"656","46430953",172.479604847596
"657","46431146",322.079865036961
"658","46431536",846.282339102246
"659","46433496",249.990713029571
"660","46433598",449.125610318671
"661","46433612",321.223928112882
"662","46434009",251.737756993755
"663","46436307",2019.87124710633
"664","46436308",2035.82313775419
"665","46440126",902.118492644416
"666","46440127",802.937435188291
"667","46440129",398.196598219857
"668","46440130",1831.7179999979
"669","46440536",97.7340683595144
"670","46440537",68.8889998947971
"671","46440540",1490.70064634346
"672","46440652",190.285842906027
"673","46440654",218.501354789342
"674","46440656",95.9197426254947
"675","46440927",133.94369298459
"676","46441106",174.227206738327
"677","46441147",114.067414730494
"678","46441687",1480.38570534909
"679","46450004",30.0051754139899
"680","46450133",331.297908918808
"681","46450134",132.466629638513
"682","46450135",497.428957925626
"683","46450136",380.273059342523
"684","46450138",208.869802304793
"685","46450139",1026.71763877867
"686","46450140",381.48801339526
"687","46450255",344.759352130409
"688","46450256",417.839256172057
"689","46450258",477.63053124597
"690","46450541",593.562414284427
"691","46450664",899.547599243317
"692","46450987",70.5991097174018
"693","46451168",85.6617402873573
"694","46451172",588.327891262379
"695","46451205",39.1465040445916
"696","46451344",117.391131029641
"697","46454034",671.008953888302
"698","46460007",221.201738899312
"699","46460259",49.9126509475651
"700","46460260",667.13850001387
"701","46460303",440.412137194361
"702","46460306",1350.58719033134
"703","46460309",637.871746617055
"704","46460562",214.992537637019
"705","46460563",95.0882405841519
"706","46460564",124.511395122792
"707","46460565",89.6046667896539
"708","46460567",211.369934629792
"709","46460569",227.10311863905
"710","46460607",1559.71003129496
"711","46460996",460.973909639395
"712","46461259",384.20276802812
"713","46461537",387.699678714624
"714","46461875",1162.12308947869
"715","46461876",833.903483153452
"716","46461877",612.736236247291
"717","46464050",379.872196568924
"718","46466039",691.795294358709
"719","46466042",823.361826617929
"720","46466045",421.112169376197
"721","46466048",578.419957566491
"722","46468076",999.71470357032
"723","46468077",894.383635178466
"724","46468078",172.686819945038
"725","46468080",683.272714992775
"726","46470001",243.484741995394
"727","46470002",1564.78165465527
"728","46470361",511.804698908837
"729","46470364",183.020313301281
"730","46470365",1207.49566448914
"731","46470366",692.856780962608
"732","46470367",147.460109173044
"733","46470570",1070.16358203982
"734","46470571",1449.73511285447
"735","46470608",150.686195325798
"736","46470616",1413.42628607479
"737","46471515",287.209750207622
"738","46471533",1243.97302163239
"739","46471862",1222.80190452555
"740","46471863",808.747785307923
"741","46471865",628.724957926675
"742","46471867",760.092514738317
"743","46471869",467.560678456769
"744","46471870",870.673627943572
"745","46471878",1046.40901548812
"746","46476439",1507.64049855699
"747","46476440",993.715297491115
"748","46476444",983.859092113795
"749","46476448",44.1748940395955
"750","46478062",954.807657669229
"751","46478064",1227.85979295938
"752","46478065",357.566213815981
"753","46478066",1012.40340670886
"754","46478068",812.40085502838
"755","46478069",985.064388914839
"756","46478070",78.358938250715
"757","46478073",1022.95920291478
"758","46478074",248.031873921328
"759","46478075",760.693944294491
"760","46480001",111.169647099919
"761","46481139",174.076019768766
"762","46481988",235.268577917683
"763","46486423",219.4342649401
"764","46490626",201.660295678357
"765","46491138",336.865463838743
"766","46491140",1031.67550220807
"767","46500001",575.424613678069
"768","46500576",53.1137392980962
"769","46500578",172.805437345984
"770","46500580",38.2796712724882
"771","46501982",612.906765438402
"772","46504027",178.311464507845
"773","46506601",16.4541139936606
"774","46510388",381.62588353869
"775","46510389",399.330562160407
"776","46510609",84.7991312942713
"777","46511391",352.426719171391
"778","46513453",183.051011775532
"779","46513553",383.893416207781
"780","46513559",486.94458156682
"781","46513560",266.940262511087
"782","46513564",355.50098996734
"783","46513565",914.42842980705
"784","46516001",1036.9844714541
"785","46516627",397.695726301132
"786","46519001",559.648614519952
"787","46520731",91.1226660420109
"788","46521560",83.3512751095076
"789","46521933",442.267805103879
"790","46523177",407.636368431931
"791","46523190",1399.08368479609
"792","46523451",326.751163511713
"793","46523566",47.0833965144722
"794","46523568",346.53950695088
"795","46523573",0
"796","46523574",814.522238953639
"797","46530582",1015.27940601693
"798","46533067",261.229575549072
"799","46533069",369.745128448424
"800","46533070",361.093990333921
"801","46533075",263.183740287042
"802","46533096",620.603752905857
"803","46533456",200.951550999312
"804","46536001",612.943604746924
"805","46539002",1029.63022900991
"806","46539386",607.181985324921
"807","46539390",183.159262575774
"808","46539392",275.964041206725
"809","46540001",203.240284180866
"810","46543053",346.138717338253
"811","46543071",0
"812","46543072",171.811305702394
"813","46543073",642.779162732485
"814","46543079",467.031540222993
"815","46543081",250.41372948999
"816","46543094",74.2824605566947
"817","46543095",133.335384950798
"818","46543098",564.968818343677
"819","46546102",670.476738811491
"820","46547002",124.550798628143
"821","46549299",363.51368986035
"822","46549302",954.037940304096
"823","46549304",338.337996490456
"824","46549310",759.575650031025
"825","46549312",1534.16005987104
"826","46549314",1270.23230937113
"827","46549316",34.324524275257
"828","46549318",541.698084841678
"829","46549322",315.556914949709
"830","46549323",419.360846366817
"831","46549332",215.712997149682
"832","46549334",777.460647310743
"833","46549336",424.099466949022
"834","46549338",83.7127400474908
"835","46549340",792.874653968494
"836","46549342",221.352993595503
"837","46549344",359.400005508161
"838","46549346",297.079327493206
"839","46549350",121.725960390676
"840","46549352",173.862552175511
"841","46549358",72.2566896136791
"842","46549376",292.280102083484
"843","46549378",726.635839637067
"844","46549380",901.172399469311
"845","46549384",162.449971605035
"846","46549388",410.059685748354
"847","46549402",138.926521458113
"848","46549403",245.461729129345
"849","46549420",103.576816972243
"850","46549421",103.576816972243
"851","46549422",98.4597720254701
"852","46549431",90.660371765753
"853","46549432",82.0464789540168
"854","46549442",168.650615895269
"855","46549443",141.238803731799
"856","46549444",249.917892625042
"857","46549501",491.942480998319
"858","46549504",113.390658815075
"859","46549507",244.336808701482
"860","46549509",1440.81976338882
"861","46549515",169.795998871457
"862","46549516",132.890069100832
"863","46549517",208.042705701533
"864","46549521",738.134377013017
"865","46549522",630.917000996469
"866","46549601",367.907643190459
"867","46549602",73.7486407132236
"868","46549603",118.047704827033
"869","46549604",284.7110631709
"870","46553001",1505.6039491127
"871","46553054",254.445670542562
"872","46553055",1137.63375980726
"873","46553056",593.931763058927
"874","46553061",654.657746843731
"875","46553062",1770.59713972997
"876","46553074",896.754213486353
"877","46559300",1293.81274476496
"878","46559324",646.502234746471
"879","46559325",597.617212382348
"880","46563004",1461.4043632476
"881","47380016",1014.32435165781
"882","47390001",77.5421765286369
"883","47390002",809.002520751741
"884","47390006",217.201173800541
"885","47390007",530.840853749516
"886","47390010",274.880784976402
"887","47390011",130.598561414509
"888","47390013",595.912213482129
"889","47390014",24.2607569237042
"890","47390017",90.2870394829759
"891","47390020",151.059334115846
"892","47390021",544.338346793811
"893","47390022",57.5063252152141
"894","47390023",819.462631049055
"895","47390026",423.226505443355
"896","47390029",98.2758584000552
"897","47390030",476.261918944315
"898","47390031",273.71457681189
"899","47390032",976.937383094934
"900","47390033",420.078163499507
"901","47390048",102.623188048446
"902","47390049",776.191128736049
"903","47390050",357.77677775062
"904","47390115",629.671143269613
"905","47390118",220.414577050495
"906","47390119",148.348810596622
"907","47390122",28.9498213632922
"908","47390123",153.601861807022
"909","47390132",392.443260377979
"910","47390192",112.443054262588
"911","47390515",540.051676180424
"912","47390517",307.808815990381
"913","47390518",931.373354998888
"914","47390611",0
"915","47390727",132.009060014528
"916","47391031",164.882796014979
"917","47391032",539.838816004653
"918","47391033",465.093493436506
"919","47391034",414.447652223915
"920","47391035",467.72691089643
"921","47391036",354.282601896982
"922","47391037",44.9706007001399
"923","47391118",110.518923308405
"924","47391169",378.499527284373
"925","47391294",407.029229642148
"926","47391295",404.820233568791
"927","47391297",0
"928","47391299",0
"929","47391300",282.547407518566
"930","47391309",356.97316988365
"931","47391345",74.3307853694521
"932","47391349",31.4810348212875
"933","47391350",829.142618368182
"934","47391388",395.400914255884
"935","47391476",189.893141124048
"936","47391478",122.186545718983
"937","47391479",218.465762091319
"938","47391480",600.031293380443
"939","47391481",303.416949773351
"940","47391482",121.442191655093
"941","47391483",653.894210465764
"942","47398014",132.242568430579
"943","47398015",123.957379166532
"944","47398017",419.844631516423
"945","47398018",11.9152222915313
"946","47398019",20.4482980394068
"947","47400001",865.074813839635
"948","47400002",574.343723592297
"949","47400003",405.318124396507
"950","47400004",486.416299139978
"951","47400005",732.946830612103
"952","47400016",737.928710326279
"953","47400018",516.294621816355
"954","47400019",572.116598359331
"955","47400030",295.175110937654
"956","47400049",323.512520623346
"957","47400050",685.132057663272
"958","47400051",178.07980769697
"959","47400052",591.272614771489
"960","47400054",201.426788588129
"961","47400055",207.211091635464
"962","47400057",628.203554332034
"963","47400149",335.063423504777
"964","47400150",238.829907416965
"965","47400153",474.220387810956
"966","47400459",256.334924905068
"967","47400486",373.01519432475
"968","47400543",304.759780550401
"969","47400701",388.003858794851
"970","47400722",29.9926080286581
"971","47400724",59.0188799049088
"972","47400728",54.343969362631
"973","47400954",0
"974","47401258",318.567321777473
"975","47401282",573.061731351136
"976","47401306",455.324192356245
"977","47401307",49.163642527701
"978","47401308",0
"979","47401468",905.161184883869
"980","47401472",785.26129458762
"981","47401561",0
"982","47401571",193.977235666956
"983","47401572",58.4135249479348
"984","47401941",0
"985","47402530",824.054770071861
"986","47402783",608.410754863588
"987","47402788",92.5000554393062
"988","47403270",83.8446726305931
"989","47410001",488.338258269756
"990","47410003",95.9695364299622
"991","47410004",130.485107648566
"992","47410005",99.202167721068
"993","47410006",60.2803527341749
"994","47410013",159.663410498012
"995","47410015",63.9362725717218
"996","47410017",274.686513576491
"997","47410020",658.032875674705
"998","47410022",607.933517890239
"999","47410023",536.470363916509
"1000","47410030",597.10601592007
"1001","474100B6",603.178649592016
"1002","474100P7",830.38275612706
"1003","474100P8",357.387951940024
"1004","474100P9",178.971009866824
"1005","47410045",1136.45665700101
"1006","47410051",780.500505654537
"1007","47410053",253.897791441865
"1008","47410054",107.679487502222
"1009","47410055",453.05060994413
"1010","47410056",625.296699634679
"1011","47410057",1412.3054473563
"1012","47410079",306.064148076358
"1013","47410101",540.522299310234
"1014","47410108",378.534804637709
"1015","47410110",351.617612130141
"1016","47410113",323.174603684285
"1017","47410172",215.609655684186
"1018","47410201",980.008488991022
"1019","47410202",540.522299310234
"1020","47410205",277.351099203562
"1021","47410207",1044.66709434494
"1022","47410211",1867.14411310389
"1023","47410221",203.720064042564
"1024","47410224",664.504233349073
"1025","47410225",672.08242984579
"1026","47410228",415.875281956456
"1027","47410231",1663.15232147447
"1028","47410260",662.899675809558
"1029","47410304",727.097188011017
"1030","47410402",174.098807172086
"1031","47410404",499.168056239563
"1032","47410405",211.517584022953
"1033","47410406",456.808721079439
"1034","47410407",601.356475151807
"1035","47410409",328.248874723429
"1036","47410410",1157.54845139565
"1037","47410412",336.397172126695
"1038","47410414",188.133211355623
"1039","47410442",350.807191889699
"1040","47410444",828.306366256235
"1041","47410B11",1050.55260106004
"1042","47410B13",370.265760301267
"1043","47410B14",320.841304503449
"1044","47410B15",829.234210971082
"1045","47410P10",1189.43698698615
"1046","47410P13",1366.59485924518
"1047","474104_1",674.931966523446
"1048","474104_2",676.108988647364
"1049","47410459",584.007482896261
"1050","47410477",10.3038996987083
"1051","47410487",236.913141996149
"1052","47410489",94.3809957639144
"1053","47410512",1197.4751548064
"1054","47410519",79.6639810128923
"1055","47411260",1306.94541910442
"1056","47411261",499.051381177261
"1057","47411262",407.708265512795
"1058","47411263",56.8998055655875
"1059","47411519",642.412390190538
"1060","47411646",85.937950671897
"1061","4741P6S3",1034.17986682364
"1062","4741P7S3",1027.80800573339
"1063","4741P8S3",1024.55231938635
"1064","4741W032",1167.78272978522
"1065","4741W040",311.197181066318
"1066","4741W045",891.140687392807
"1067","47411647",120.803394763963
"1068","47411648",367.594908822658
"1069","47413502",176.534921510066
"1070","47420010",130.608672819678
"1071","47420011",546.737868668139
"1072","47420012",203.211764573908
"1073","47420015",688.385219646251
"1074","47420076",457.224222771413
"1075","47420077",170.421615210303
"1076","47420080",508.356926204021
"1077","47420081",694.964153115597
"1078","47420082",605.654688927198
"1079","47420085",833.182979463252
"1080","47420111",464.582959808767
"1081","47420112",230.658385531926
"1082","47420490",422.851823976774
"1083","47420544",648.085110683563
"1084","47420545",159.485560594107
"1085","47420860",93.4100216554887
"1086","47420861",155.474047259782
"1087","47421251",278.305715359743
"1088","47421325",1273.10141258321
"1089","47421326",375.340927687072
"1090","47421327",100.665572638658
"1091","47421328",820.571926171969
"1092","47421329",915.606004894263
"1093","47421330",835.4094034483
"1094","47421847",684.396602135989
"1095","47421985",204.487105899745
"1096","47422884",92.7694318521997
"1097","47422900",114.189047641494
"1098","47422901",620.806047631466
"1099","47426271",373.95131763835
"1100","47426272",488.259208828284
"1101","4742W043",444.531124306481
"1102","47426273",535.214261921629
"1103","47426274",436.922156665656
"1104","47426275",48.8635849600425
"1105","47426276",180.838002456826
"1106","47426277",87.7439667337324
"1107","47430006",324.876971563842
"1108","47430549",18.3225834550138
"1109","47430864",729.185154851668
"1110","47430865",138.42313642585
"1111","47430990",212.106639846616
"1112","47430991",489.059158263629
"1113","47431102",438.466578604966
"1114","47431104",417.635568490983
"1115","47431238",401.172412441967
"1116","47431460",175.252870719972
"1117","47431461",26.245051731555
"1118","47431937",439.152792205956
"1119","47431938",992.470817628126
"1120","47433619",184.010678500529
"1121","47433625",226.076798459274
"1122","47440132",1191.47909270938
"1123","47440178",582.658369437517
"1124","47440179",580.500688862374
"1125","47440188",715.786276265781
"1126","47440191",286.110297694339
"1127","47440551",351.104305499432
"1128","47440625",188.604065501573
"1129","47440649",269.910027579079
"1130","47441004",379.639542410442
"1131","47441105",1505.961365822
"1132","47441109",282.575657389558
"1133","47441148",293.24238897151
"1134","47443601",8.10263833733883
"1135","47450141",1290.42362064485
"1136","47450142",1335.65573430485
"1137","47450143",303.684736172121
"1138","47450144",1311.8566918272
"1139","47450145",642.232863951193
"1140","47450146",437.529273918086
"1141","47450147",1149.74062066481
"1142","47450152",877.137136133524
"1143","47450154",78.995446359867
"1144","47450155",589.350516815266
"1145","47450156",186.037744705131
"1146","47450157",1078.36269720453
"1147","47450159",491.773614227196
"1148","47450160",822.011696945587
"1149","47450161",1029.58679228746
"1150","47450165",641.506671543449
"1151","47450181",274.938676446613
"1152","47450187",245.441589283615
"1153","47450552",218.373541546351
"1154","47450554",845.221659505663
"1155","47450876",114.548250080514
"1156","47450963",878.89197575014
"1157","47451413",1225.03047668156
"1158","47451414",877.530952060626
"1159","47451416",76.0642765680739
"1160","47451420",447.216972985996
"1161","47451421",326.617699180272
"1162","47451981",83.4791956778535
"1163","47454038",1085.75459462413
"1164","47454039",1085.75459462413
"1165","47454040",405.653868544923
"1166","47454041",405.653868544923
"1167","47456211",64.8164662280723
"1168","47456213",665.12831142325
"1169","47460263",848.648819046529
"1170","47460264",364.066750720971
"1171","47460265",957.843984904243
"1172","47460266",531.212702502554
"1173","47460267",411.720214852097
"1174","47460268",339.282342510626
"1175","47460269",535.62142183098
"1176","47460555",1157.32991135958
"1177","47460556",1109.35014567022
"1178","47460558",1024.71847775399
"1179","47461036",587.076850820322
"1180","47461114",187.465792427378
"1181","47461411",601.472273941023
"1182","47461412",669.165517432029
"1183","47461415",29.2694546054108
"1184","47461418",70.4594171406876
"1185","47461855",933.702814912699
"1186","47461856",1362.12850206352
"1187","47464051",285.003144216889
"1188","47464052",285.003144216889
"1189","47464053",285.003144216889
"1190","47470005",406.834350844603
"1191","47470244",502.528770525669
"1192","47470245",971.642843207702
"1193","47470246",1271.2145277756
"1194","47470247",764.686990367678
"1195","47470248",156.266538666992
"1196","47470249",84.8885630796164
"1197","47470250",582.041684931609
"1198","47470271",1031.91178103423
"1199","47470369",780.517431248207
"1200","47470370",626.561641512452
"1201","47470371",118.465705498977
"1202","47470372",895.460774107672
"1203","47470373",878.938024999304
"1204","47470374",1118.71287022161
"1205","47470375",563.109719347057
"1206","47470583",310.695839842944
"1207","47470585",98.2920688509575
"1208","47470601",540.594705136478
"1209","47470666",71.5906559863167
"1210","47471054",523.538140509803
"1211","47471056",554.592166054631
"1212","47471058",146.126592353268
"1213","47471059",116.46863049289
"1214","47474031",82.1842665199878
"1215","47476026",588.499976343438
"1216","47480586",315.235547075029
"1217","47480587",36.2160041876089
"1218","47480623",303.494091754403
"1219","47480633",492.556582579983
"1220","47481057",1178.96807264643
"1221","47481243",133.022216578723
"1222","47481369",44.9594924002007
"1223","47481370",514.168254334735
"1224","47481371",1722.51333017966
"1225","47481375",392.454959257097
"1226","47481399",1313.72262668188
"1227","47481555",114.392858736285
"1228","47481696",408.003803519862
"1229","47481860",344.074561831925
"1230","47486042",387.704175091161
"1231","47486043",829.113005995005
"1232","47486044",973.129117246376
"1233","47486045",1005.88364804598
"1234","47486046",25.1133185017806
"1235","47486047",215.758764457603
"1236","47486048",124.92845543608
"1237","47486049",296.41688276652
"1238","47486050",381.206583700978
"1239","47486057",182.956939163507
"1240","47486058",244.88774695942
"1241","47486059",49.041438337985
"1242","47486060",268.942797141464
"1243","47486061",441.966588588091
"1244","47488088",1150.20672076663
"1245","47488089",398.883969795942
"1246","47488090",307.783809287806
"1247","47488091",730.495968248718
"1248","47490381",293.492023062088
"1249","47490383",93.2271079637381
"1250","47490591",186.923962980973
"1251","47490593",475.604241415932
"1252","47491159",379.703446075221
"1253","47491931",1300.89378104777
"1254","47495020",533.04597077039
"1255","47495030",892.171635728196
"1256","47495031",891.801982400165
"1257","47495130",735.809213845106
"1258","47500001",348.520352224736
"1259","47500010",439.264668995211
"1260","47500012",187.528892963938
"1261","47500595",99.2079671338577
"1262","47500596",198.712786217068
"1263","47501653",166.028583195127
"1264","47510387",460.491044750838
"1265","47511000",440.413903143341
"1266","47513503",285.943586143846
"1267","47520001",578.451250812825
"1268","47520319",174.532529117123
"1269","47520320",140.635213002687
"1270","47520321",461.300124551602
"1271","47520322",357.718172266813
"1272","47520415",532.803042653411
"1273","47521060",281.302940819139
"1274","47521381",105.893559006948
"1275","47528106",242.719483034511
"1276","47528107",332.310876906939
"1277","47528108",542.60264047308
"1278","47530316",176.022018105018
"1279","47530317",236.278857614566
"1280","47530318",431.212368577078
"1281","47530999",70.9874642142933
"1282","47531507",187.190184997538
"1283","47533076",173.838425944401
"1284","47533077",766.710773003082
"1285","47533078",37.8317469921794
"1286","47540004",693.982729929487
"1287","47540735",34.9039390510609
"1288","47540736",95.0142214795716
"1289","47540738",219.156920078178
"1290","47540739",382.91840881257
"1291","47540740",173.253899591984
"1292","47543025",1171.73666295971
"1293","47543026",430.512536232349
"1294","47543059",796.276260838461
"1295","47543085",222.463193732294
"1296","47543087",302.527994498735
"1297","47543088",266.301173110676
"1298","47543093",179.363639401814
"1299","47543287",279.174605099041
"1300","47543288",206.332133900246
"1301","47546001",138.30214638863
"1302","47546002",67.489041733063
"1303","47546003",94.1526639452652
"1304","47546004",662.841868564153
"1305","47546005",580.648963104145
"1306","47546006",364.676277276783
"1307","47549202",397.824195288072
"1308","47549261",198.068893778811
"1309","47549262",360.424039699967
"1310","47549263",398.167811286669
"1311","47549266",237.657058884569
"1312","47549267",888.506530704335
"1313","47549268",509.885116675691
"1314","47549269",104.499021520838
"1315","47549270",109.332554500845
"1316","47549271",434.910710165708
"1317","47549272",553.652358674002
"1318","47549275",720.457690806673
"1319","47549287",478.852383439782
"1320","47549288",302.903313359348
"1321","47549292",898.010842524692
"1322","47549293",898.010842524692
"1323","47549356",368.364741136663
"1324","47549366",561.081094525409
"1325","47549368",480.400285923509
"1326","47549370",763.119307903983
"1327","47549372",152.693338668699
"1328","47549400",270.788900135133
"1329","47549401",276.299357507671
"1330","47553032",129.399086907785
"1331","47553033",94.8177877556913
"1332","47553057",471.967305661559
"1333","47553058",168.324614751047
"1334","47553063",1116.7495755411
"1335","47553064",1009.06558754348
"1336","47553089",404.712335676147
"1337","47559274",841.079738156579
"1338","47559327",119.541695337999
"1339","47559328",727.615875928595
"1340","47559329",19.3973423564532
"1341","47563065",1277.90873786268
"1342","47569002",482.218920528404
"1343","48390033",429.098705795314
"1344","48390509",265.681133053557
"1345","48390682",221.981098463415
"1346","48390683",72.7690964094434
"1347","48391165",79.441970792704
"1348","48391166",255.088518618298
"1349","48391167",129.118232814713
"1350","48391168",136.448206755156
"1351","48391169",156.685034553509
"1352","48391170",96.0968999455576
"1353","48391171",206.316002413666
"1354","48391942",295.399838823549
"1355","48391946",385.097737688638
"1356","48391947",26.764579500789
"1357","48391948",444.930980194287
"1358","48400001",580.794155887242
"1359","48400002",936.983646677563
"1360","48400003",451.151427397509
"1361","48400004",146.62188661384
"1362","48400010",988.347278277827
"1363","48400028",128.963446582441
"1364","48400029",916.608552178752
"1365","48400040",413.801425160027
"1366","48400041",298.425451148094
"1367","48400042",246.930957578537
"1368","48400043",450.36206990513
"1369","48400044",533.114666322383
"1370","48400045",288.546372749679
"1371","48400046",389.591952895834
"1372","48400048",575.346018296694
"1373","48400069",0
"1374","48400071",0
"1375","48400620",127.843434864429
"1376","48401885",193.141451648848
"1377","48401973",708.219238787398
"1378","48401982",545.553698525524
"1379","48401983",477.932275553733
"1380","48410006",219.273314499591
"1381","4841W042",851.425694638058
"1382","48410057",992.078832687386
"1383","48410059",371.377663983645
"1384","48410061",339.099741398542
"1385","48410492",14.4929220030702
"1386","48410497",247.295593961478
"1387","48410500",63.3841471086845
"1388","48410621",275.331706226873
"1389","48410663",583.453023281289
"1390","48410696",120.778785501822
"1391","48410938",182.098151576353
"1392","48411448",82.1703673383121
"1393","48411511",82.6081786558538
"1394","48411583",127.135206467095
"1395","48411584",47.5303076098631
"1396","48411607",369.497106210423
"1397","48420006",300.068948432971
"1398","48420010",582.029708961799
"1399","48420013",312.261177039441
"1400","48420014",518.199382394475
"1401","48420017",373.457701788377
"1402","48420021",350.469848808091
"1403","48420023",453.468205865385
"1404","48420043",285.930293535381
"1405","48420062",240.718370047435
"1406","48420088",599.961798455198
"1407","48420089",770.772614482976
"1408","48420090",670.911063981592
"1409","48420179",222.143856258045
"1410","48420180",226.839367164581
"1411","48420501",125.903874306683
"1412","48420560",84.9755346037959
"1413","48421093",473.375167100246
"1414","48421100",188.224539313779
"1415","48421101",328.859064525426
"1416","48421683",327.495717824067
"1417","48421684",361.141005826593
"1418","48421983",164.060104133847
"1419","48422687",76.0676648389874
"1420","48426584",1302.22776750036
"1421","48426685",1358.920372547
"1422","48430989",963.209419371607
"1423","48431017",30.3900921663338
"1424","48431018",225.15754184063
"1425","48431019",173.230839454267
"1426","48431020",424.774084796627
"1427","48431021",1026.88964446273
"1428","48431031",725.56109351169
"1429","48431096",1044.06253760502
"1430","48431097",944.012540132625
"1431","48431149",1260.27310996983
"1432","48431178",163.377293491402
"1433","48431179",560.62238829077
"1434","48431180",260.848813909672
"1435","48431181",127.828961719661
"1436","48431182",485.9468380885
"1437","48431736",79.4908165938983
"1438","48431999",1179.20215354751
"1439","48433600",1327.5341848333
"1440","48440002",1470.80573690674
"1441","48440166",344.118369145022
"1442","48440167",850.628386207121
"1443","48440168",489.015338843258
"1444","48440170",995.605423574245
"1445","48440175",706.194320151127
"1446","48440176",1102.83570652305
"1447","48440177",676.244464045741
"1448","48440178",731.757995054626
"1449","48440201",863.198575049222
"1450","48440870",1628.81001380585
"1451","48440873",1334.94622131665
"1452","48440993",786.636050700322
"1453","48441030",291.405653367038
"1454","48441039",483.815323588105
"1455","48441187",93.8095270087303
"1456","48441188",150.732050593674
"1457","48441189",316.211105596037
"1458","48441276",1517.46433214146
"1459","48441277",382.345300619554
"1460","48441853",392.399076515397
"1461","48450148",317.133125724478
"1462","48450877",323.053130294646
"1463","48450878",1414.44111885246
"1464","48450884",344.963520820163
"1465","48450886",631.33021640456
"1466","48451034",399.086265571845
"1467","48451037",533.723733251852
"1468","48451038",263.424752452901
"1469","48451061",349.885943639625
"1470","48451273",76.9288419098683
"1471","48451275",368.672599557705
"1472","48454021",569.327056455424
"1473","48454036",773.030815228227
"1474","48454037",773.030815228227
"1475","48454042",569.327056455424
"1476","48460001",1032.52602405799
"1477","48461044",230.562002771082
"1478","48461045",120.700875125647
"1479","48461046",1423.12088042982
"1480","48461271",476.847266192085
"1481","48461447",135.378601054226
"1482","48461450",225.735186208709
"1483","48470228",674.260488737578
"1484","48470229",613.002969024236
"1485","48470230",611.938266089862
"1486","48470231",693.446942949069
"1487","48470232",370.73392666371
"1488","48470239",112.882703113539
"1489","48470241",913.510783183499
"1490","48470242",710.061502970585
"1491","48470243",594.430574048375
"1492","48470376",860.315137460955
"1493","48470377",690.609233963631
"1494","48470602",1186.75618840715
"1495","48471173",300.95087446005
"1496","48471656",118.347069824297
"1497","48471657",277.345661871017
"1498","48471658",406.050834581356
"1499","48471846",155.282339552546
"1500","48471848",690.574792912548
"1501","48473500",199.206979340201
"1502","48474028",201.437592055194
"1503","48474047",822.823321182323
"1504","48476218",731.936886810083
"1505","48476223",293.167492223264
"1506","48476286",39.6027474817816
"1507","48480226",437.645316042105
"1508","48480252",219.559023714382
"1509","48480378",263.026342178929
"1510","48480902",487.418485102772
"1511","48480903",87.4583639599001
"1512","48481211",391.456759722383
"1513","48481248",188.765135135261
"1514","48481979",392.14278493548
"1515","48483517",584.184685865807
"1516","48483527",149.819179871947
"1517","48483614",128.625509652987
"1518","48486046",173.821012572004
"1519","48486050",47.5183582755567
"1520","48490904",153.946614151191
"1521","48490930",124.943286356938
"1522","48490933",234.512806697628
"1523","48490934",180.081838102646
"1524","48491135",569.008013511506
"1525","48493497",46.9997911801112
"1526","48499002",702.800799782992
"1527","48500428",25.557050920125
"1528","48500429",40.5170291813833
"1529","48500430",255.567011737381
"1530","48500431",85.910865774714
"1531","48500433",280.564965370707
"1532","48500434",179.387821165937
"1533","48500905",123.573892715031
"1534","48500906",368.084932199127
"1535","48501177",79.9274816787486
"1536","48501250",288.750578504025
"1537","48510348",610.635444758758
"1538","48510405",442.852047750563
"1539","48510406",1056.30960185937
"1540","48510408",418.304132666018
"1541","48510409",429.228362018797
"1542","48510410",0
"1543","48510413",618.796251801864
"1544","48510435",603.554001499297
"1545","48510929",195.606571528048
"1546","48510965",954.942329330423
"1547","48510966",188.829430097244
"1548","48511110",775.413432363
"1549","48511111",261.863875105749
"1550","48511223",227.144976632552
"1551","48514029",388.989425073999
"1552","48518081",229.047279858505
"1553","48518082",370.245178450637
"1554","48518083",370.245178450637
"1555","48518084",175.911824284584
"1556","48518085",835.269804007661
"1557","48518086",301.747573579214
"1558","48518087",301.747573579214
"1559","48519001",895.790541192565
"1560","48520390",304.051935260621
"1561","48520391",411.570890157877
"1562","48520393",522.921907477193
"1563","48520394",593.939198785348
"1564","48520395",392.619128728303
"1565","48520396",496.043212651607
"1566","48520397",717.743502217586
"1567","48520398",451.386347128674
"1568","48520402",671.598713019392
"1569","48520414",390.297570958687
"1570","48520448",623.078893509308
"1571","48520449",163.232494727013
"1572","48520450",581.985383057117
"1573","48520452",205.539930109791
"1574","48530315",585.561563482265
"1575","48530445",429.758661262789
"1576","48530446",848.143910923428
"1577","48530447",969.899510995086
"1578","48530466",437.222684647328
"1579","48530468",47.1821309065551
"1580","48530469",914.314587009901
"1581","48530910",286.841716544207
"1582","48530911",65.8158434073104
"1583","48530969",230.73045607806
"1584","48530992",272.580584035516
"1585","48531208",322.139376920649
"1586","48531383",473.038208312199
"1587","48531530",275.051939841045
"1588","48531531",154.588498917602
"1589","48539001",487.626232209534
"1590","48540439",806.54880923368
"1591","48540441",496.293258118415
"1592","48540442",762.884377086903
"1593","48540444",689.564000232089
"1594","48540461",695.252174444765
"1595","48540462",648.110851598253
"1596","48540463",1102.54413429081
"1597","48540465",474.711253207501
"1598","48540858",950.099997769544
"1599","48540968",959.962202470508
"1600","48541951",757.903073503791
"1601","48543018",1215.09056991131
"1602","48543020",845.549637621415
"1603","48543021",912.108758924036
"1604","48543022",183.088638021708
"1605","48543024",351.230754713507
"1606","48543027",588.615118400046
"1607","48543034",221.631199517918
"1608","48543035",465.063273650568
"1609","48543044",225.238036477983
"1610","48543045",407.168735728832
"1611","48549002",1609.2869273202
"1612","48553012",1308.68649028763
"1613","48553013",959.887033945704
"1614","48553014",318.019228923559
"1615","48553015",462.767989224908
"1616","48553016",753.831388943451
"1617","48553030",87.1928391896562
"1618","48553037",675.022563543798
"1619","48553038",301.891462952289
"1620","48553039",390.932818940208
"1621","48553040",395.808533942866
"1622","48553041",408.474184008947
"1623","48553043",651.547248690176
"1624","48553047",910.332685701696
"1625","48553048",390.828798278379
"1626","48555052",554.749254429094
"1627","48555053",549.156053714722
"1628","48555100",1121.36556134787
"1629","48555112",480.72792160157
"1630","49391880",48.5917866452386
"1631","49400006",688.149549969064
"1632","49400890",51.5824677742981
"1633","49410001",257.852962116993
"1634","49410004",692.934748628541
"1635","49410098",170.147186393662
"1636","49410099",1162.14285490464
"1637","49410100",382.889031337433
"1638","49410102",1267.61883298624
"1639","49410505",140.839293238163
"1640","49410630",138.304789312912
"1641","49410686",138.764251905525
"1642","49410738",115.623905056184
"1643","49410961",91.8623104876177
"1644","49411064",447.77325187468
"1645","49411142",202.184487500521
"1646","49411254",81.7874876461831
"1647","49411585",1554.28094012577
"1648","49411586",206.580852445719
"1649","49411587",1215.04494615996
"1650","49411588",428.733494380697
"1651","49411589",21.4617405947684
"1652","49411591",105.630982072295
"1653","49411592",588.106749970653
"1654","49411601",793.561081063092
"1655","49411602",410.420875336208
"1656","49411652",378.868291277613
"1657","49411655",226.681209347067
"1658","49411690",165.328246422346
"1659","49411883",992.88944571075
"1660","49411930",409.500894033393
"1661","49411995",162.906040812297
"1662","49411998",385.105518901866
"1663","49420004",342.94648737625
"1664","49420064",113.524213363489
"1665","49420065",141.9810271566
"1666","49420103",563.04511598744
"1667","49420684",348.819259119422
"1668","49420761",102.008502324862
"1669","49420840",180.491772545951
"1670","49420841",885.178362599079
"1671","49420959",78.0938349269465
"1672","49420960",249.119545300775
"1673","49421144",404.275290028973
"1674","49421456",775.966883371226
"1675","49421457",683.675231486447
"1676","49426601",1048.16735601192
"1677","49426602",1013.9323278066
"1678","49426603",293.689382797083
"1679","49430001",457.766230200979
"1680","49430639",17.7978152645048
"1681","49430939",86.5676313141294
"1682","49430964",1183.58940740866
"1683","49431095",101.027389607485
"1684","49431174",395.960876396363
"1685","49431184",186.056929062974
"1686","49431566",138.449092848691
"1687","49436001",204.705080747452
"1688","49441025",229.809022365821
"1689","49441028",260.457784617594
"1690","49441185",352.969925042267
"1691","49441186",205.508270898854
"1692","49441269",304.215195284477
"1693","49441270",164.178934478763
"1694","49441688",1087.54706663862
"1695","49451029",70.0216587393287
"1696","49451032",604.246358067018
"1697","49451040",1518.32086828344
"1698","49451041",195.301644805931
"1699","49451042",117.012586020986
"1700","49451225",469.411996484408
"1701","49451474",1106.95580305327
"1702","49460001",187.148375312138
"1703","49460920",134.814659033983
"1704","49461043",156.720308781044
"1705","49461049",166.366481943807
"1706","49461050",602.770957728117
"1707","49470922",754.831405490131
"1708","49471239",132.211491695197
"1709","49471607",927.094836625625
"1710","49473570",126.091914243966
"1711","49473591",522.586557369536
"1712","49474045",28.4462330781751
"1713","49475880",101.037016692064
"1714","49475881",635.973954041003
"1715","49475899",662.454851518927
"1716","49476015",120.354864716562
"1717","49476127",475.555776992906
"1718","49480220",736.996607152663
"1719","49480221",662.742050364818
"1720","49480222",204.531003317629
"1721","49480224",890.348913637098
"1722","49480420",1039.11698632329
"1723","49480421",376.690587779853
"1724","49480644",346.894032217021
"1725","49481604",237.443288846213
"1726","49481612",239.52559776685
"1727","49481613",503.710017712389
"1728","49481614",233.879906275716
"1729","49483516",72.305283560576
"1730","49483519",722.873213485928
"1731","49483523",697.356722041044
"1732","49483524",1187.28838530719
"1733","49483538",174.479120322953
"1734","49483571",622.744448407673
"1735","49483582",1117.20677965425
"1736","49483583",281.741362031912
"1737","49483588",578.845994568546
"1738","49483594",331.775277645482
"1739","49483595",753.870305455815
"1740","49483596",500.21547961606
"1741","49483598",275.332015820927
"1742","49483613",1410.09584998822
"1743","49483647",524.344057532531
"1744","49484004",311.087979941259
"1745","49484005",502.64625951206
"1746","49484006",676.755522337025
"1747","49484007",102.938673887658
"1748","49484008",1434.19656500057
"1749","49484012",641.43297391586
"1750","49484014",279.093675072752
"1751","49484015",159.529286838853
"1752","49484032",281.878267209655
"1753","49484044",449.664821718889
"1754","49484049",1217.63514280848
"1755","49484215",849.527261773346
"1756","49484357",1233.8270706072
"1757","49484850",398.31619896055
"1758","49485843",131.156367664187
"1759","49485878",55.8534970459869
"1760","49485883",426.740540386888
"1761","49485884",302.612631308944
"1762","49485885",739.528577847418
"1763","49485887",283.98399083517
"1764","49485888",586.30548303217
"1765","49486001",453.008680775109
"1766","49486080",176.953749105438
"1767","49486081",867.779682179162
"1768","49486089",968.46473106624
"1769","49486336",800.259886027685
"1770","49486465",1322.57699647115
"1771","49486523",63.5732410204399
"1772","49486524",63.5732410204399
"1773","49486563",1224.02690345823
"1774","49486564",323.865356845368
"1775","49486565",367.570450162501
"1776","49486591",551.063452301935
"1777","49486595",199.480802450299
"1778","49486604",175.170202193653
"1779","49486888",853.114282307496
"1780","49487021",590.905990780599
"1781","49490422",472.656716622509
"1782","49490950",49.1030470957268
"1783","49490997",216.139544085347
"1784","49491280",217.597450786508
"1785","49491433",78.4998728497074
"1786","49491434",968.794198318877
"1787","49491435",781.384408036762
"1788","49491437",1107.7225114702
"1789","49491854",298.402276452819
"1790","49491963",547.127321006477
"1791","49491964",539.231558259435
"1792","49491965",288.559931206134
"1793","49491967",435.526603597438
"1794","49493520",345.575984753884
"1795","49493584",208.723344081765
"1796","49493585",143.437200676798
"1797","49493586",424.601111345278
"1798","49493587",447.475721332788
"1799","49494043",873.557818970127
"1800","49494048",620.980553481129
"1801","49495893",654.178260070129
"1802","49496023",853.111819242721
"1803","49496025",364.404700075857
"1804","49496063",452.673932561561
"1805","49496275",551.521321679257
"1806","49496283",281.52361671866
"1807","49500001",534.903432090441
"1808","49500423",148.684199424263
"1809","49500424",232.449173646815
"1810","49500425",261.02672501635
"1811","49500426",272.363975864277
"1812","49500427",390.04446436583
"1813","49500946",123.840781226072
"1814","49503436",63.0634176134613
"1815","49503512",372.809304590536
"1816","49503611",333.437462845174
"1817","49510001",445.233321356516
"1818","49510002",560.94425395525
"1819","49510346",587.469605189276
"1820","49510347",301.708339210954
"1821","49510947",81.3422400442252
"1822","49511131",356.071060357627
"1823","49511197",556.963410400222
"1824","49511387",419.845731579657
"1825","49520001",1031.49776599806
"1826","49520341",314.090761315709
"1827","49520342",307.562145683632
"1828","49520343",619.857334973858
"1829","49520351",162.737307932128
"1830","49520352",152.243027840155
"1831","49520931",546.027148902578
"1832","49530001",76.8940473128169
"1833","49530276",231.025393353837
"1834","49530277",258.38149659384
"1835","49530278",196.092357873869
"1836","49530333",872.311718858071
"1837","49530335",142.574145209999
"1838","49530336",82.394299718834
"1839","49530337",650.615033001492
"1840","49530339",160.561754506772
"1841","49530340",434.667996902773
"1842","49530932",640.511383058119
"1843","49530973",117.901756368807
"1844","49530976",184.659914450472
"1845","49530977",56.293901118338
"1846","49530978",271.822090620979
"1847","49530979",438.312163335934
"1848","49531740",492.860835992784
"1849","49540280",126.504000780171
"1850","49540282",1278.67003342787
"1851","49540285",368.854890889086
"1852","49540286",331.697800682456
"1853","49540967",145.614643513457
"1854","49541075",143.226491861123
"1855","49541224",1188.73380906256
"1856","49541451",75.8727312304559
"1857","49541452",2117.91116667523
"1858","49550022",620.947573968444
"1859","49550648",852.490944907804
"1860","49550711",1389.59841328162
"1861","49550794",79.3125461581601
"1862","49551081",496.955408757157
"1863","49551384",1002.19407600168
"1864","49553046",534.304896951106
"1865","49553286",649.998490757665
"1866","49553287",571.034105906664
"1867","50411143",202.606969467128
"1868","50416002",48.3610107479618
"1869","50420511",401.002165614455
"1870","50420635",69.0828400168706
"1871","50420821",352.070448465841
"1872","50420824",512.378523162969
"1873","50420842",186.622424858184
"1874","50420843",158.229862041494
"1875","50420844",299.215311632135
"1876","50420846",592.111780227368
"1877","50421076",156.411453689366
"1878","50421458",94.8817566039351
"1879","50421564",657.4725682647
"1880","50430022",258.380944349597
"1881","50430025",737.561691097108
"1882","50430641",167.709320709625
"1883","50430645",603.422880408634
"1884","50430647",798.017824620134
"1885","50431936",269.18073570523
"1886","50431950",177.522693011389
"1887","50440646",149.759724469616
"1888","50440915",241.937314243668
"1889","50441209",283.482172298955
"1890","50441240",208.321814148921
"1891","50441689",41.1609516745731
"1892","50446001",98.5978763553077
"1893","50450005",246.263225534767
"1894","50450006",635.428887420665
"1895","50450945",273.316744121035
"1896","50451685",318.175195750763
"1897","50451984",226.869795314971
"1898","50451997",416.951937005592
"1899","50453282",361.638188420411
"1900","50453283",368.001733134895
"1901","50453284",277.011133983854
"1902","50460035",23.935501048015
"1903","50460048",1012.5182369163
"1904","50460049",903.668523383755
"1905","50463280",34.6495612277833
"1906","50463281",65.447496581367
"1907","50466002",14.0994429833081
"1908","50466601",54.3345219638244
"1909","50470001",988.435801487818
"1910","50474010",1311.48495362436
"1911","50476008",1344.95673858311
"1912","50476013",1343.3918464406
"1913","50476017",540.780258885845
"1914","50480001",562.124351195928
"1915","50480002",548.36580440109
"1916","50481214",317.234928012037
"1917","50481215",197.147456937488
"1918","50484046",607.505307753978
"1919","50490001",211.240718073235
"1920","50490002",344.880565727713
"1921","50491423",97.5632086135275
"1922","50491428",343.259076372408
"1923","50491439",231.926379889466
"1924","50491440",57.294437339202
"1925","50491443",296.005712749225
"1926","50491444",494.610542403768
"1927","50491445",353.701298025795
"1928","50491446",156.633987841426
"1929","50491952",572.776123700601
"1930","50491961",587.202021628649
"1931","50491962",259.505767243737
"1932","50491966",100.932918081533
"1933","50494033",239.006581749678
"1934","50495894",180.225450628619
"1935","50496064",114.211888385776
"1936","50496155",699.79134107011
"1937","50496156",117.911447095341
"1938","50496161",315.002882695423
"1939","50496165",230.685435479269
"1940","50496166",1195.39980286191
"1941","50496167",878.311468459962
"1942","50496180",620.979993340574
"1943","50506014",287.292918421431
"1944","50513360",484.756181382848
"1945","50513361",529.994241948227
"1946","50513362",441.024935960986
"1947","50513363",448.703079092548
"1948","50513364",459.070539081178
"1949","50516001",960.150638515944
"1950","50516002",947.446358691467
"1951","50516003",950.936531177088
"1952","50516004",833.610926414021
"1953","50516009",148.751463922251
"1954","50516010",1531.71134262588
"1955","50516023",1846.87448905493
"1956","50516024",1846.87448905493
"1957","50516025",1846.87448905493
"1958","50516026",1846.87448905493
"1959","50530326",550.971958625333
"1960","50530328",497.067106483651
"1961","50530329",373.959981623599
"1962","50530332",540.946606527014
"1963","50536001",543.091478355415
"1964","50540287",77.7447934189639
"1965","50540288",278.766686270453
"1966","50540290",514.854306965228
"1967","50540291",384.832929505608
"1968","50540292",609.25565055937
"1969","50540294",289.439502646533
"1970","50540295",335.165464468631
"1971","50540296",529.940706854954
"1972","50540297",218.670801883323
"1973","50540323",178.324064212756
"1974","50540980",299.021681031235
"1975","50541200",352.351697997852
"1976","50546001",257.64756584905
"1977","50547145",234.996227904875
"1978","50547146",234.996227904875
"1979","50547176",418.402573168066
"1980","50547249",437.124074022234
"1981","50547470",92.5056800941123
"1982","50547472",127.199332004354
"1983","50547473",127.199332004354
"1984","50547479",343.053178429088
"1985","50547550",172.445980273885
"1986","50547551",171.394036135827
"1987","50547555",436.036253239196
"1988","50547558",10.9962105701711
"1989","50547560",308.052877950404
"1990","50547573",711.746863730609
"1991","50547579",364.688500184781
"1992","50547580",128.565262517197
"1993","50547581",129.909481877544
"1994","50547586",656.363613515217
"1995","50547596",163.086698753445
"1996","50547705",317.109310236291
"1997","50547706",313.727154363491
"1998","50547707",467.169335677928
"1999","50547709",129.568192730796
"2000","50547710",129.568192730796
"2001","50547716",361.304386255199
"2002","50550200",549.919580054209
"2003","50550642",445.151056477917
"2004","50550708",639.439143541102
"2005","50550710",160.94361808174
"2006","50557158",179.251101468819
"2007","50557161",350.286288052737
"2008","50557237",654.704717311223
"2009","50557242",306.520124980022
"2010","50557244",421.861069352358
"2011","50557246",179.367548117199
"2012","50557252",537.636588176961
"2013","50557253",533.435428904456
"2014","50557258",577.616470711682
"2015","50557260",764.381757187677
"2016","50557263",449.919889145922
"2017","50557264",629.017381865195
"2018","50557265",623.629387667438
"2019","50557277",100.28869254419
"2020","50557286",258.26659373557
"2021","50557597",691.719448216092
"2022","50557600",689.61536273228
"2023","50557602",157.731206669487
"2024","50557687",289.184919540067
"2025","50557688",387.387412967454
"2026","50557689",387.387412967454
"2027","50557690",936.299570857003
"2028","50557691",936.299570857003
"2029","50557692",415.509505177794
"2030","50557693",415.509505177794
"2031","50557694",215.237417411198
"2032","50557695",215.237417411198
"2033","50557696",224.482828634084
"2034","50557697",226.415685323721
"2035","50557698",153.174858016721
"2036","50557699",193.975645980534
"2037","50557700",193.975645980534
"2038","50557701",194.216584828426
"2039","50557702",192.112276559103
"2040","50557703",184.515858559668
"2041","51391127",67.3833656102582
"2042","51400001",389.039973084755
"2043","51400744",320.091948903742
"2044","51400746",324.964398834459
"2045","51400756",566.157814335696
"2046","51403646",322.121425758904
"2047","51403647",934.149602714527
"2048","51403648",153.950244783179
"2049","51403649",172.004791072762
"2050","51410021",353.012714102293
"2051","51410022",694.883629000589
"2052","51410769",464.274267296703
"2053","51410817",294.019866589688
"2054","51410818",37.5177115681878
"2055","51410820",874.997875007168
"2056","51410936",770.461668679635
"2057","51411194",296.943328555479
"2058","51416001",783.85941600005
"2059","51416002",258.114163979323
"2060","51416003",575.550907918457
"2061","5142UEW1",443.993305826706
"2062","51420812",430.335415579245
"2063","51420814",422.524961569806
"2064","51421070",349.582584946212
"2065","51421087",197.3474477899
"2066","51426001",118.193474632738
"2067","51431459",341.289739462592
"2068","51431694",810.154307009966
"2069","51433270",150.238734621121
"2070","51433271",906.847878728496
"2071","51433274",419.067522798012
"2072","51433275",684.468493573274
"2073","51433276",774.425750431492
"2074","51433277",561.66190750711
"2075","51433279",163.796622705527
"2076","51433605",687.146952717145
"2077","51436001",616.6087657267
"2078","51436002",466.918408415951
"2079","51436004",531.106909019942
"2080","51436005",284.789459210132
"2081","51436006",96.3755137270357
"2082","51440042",756.918541358866
"2083","51441154",338.403790508384
"2084","51441155",499.523117703061
"2085","51441156",485.825994852975
"2086","51441682",722.017862804365
"2087","51446001",434.803558083936
"2088","51446002",316.513943140125
"2089","51456003",542.500910474462
"2090","51460003",140.326785464757
"2091","51471218",147.50847272678
"2092","51480001",452.080233474378
"2093","51481216",153.105443276172
"2094","51481217",165.152634780095
"2095","51481385",1711.40741663272
"2096","51481565",559.653145525237
"2097","51491207",841.634252197573
"2098","51516002",365.376889214149
"2099","51540600",1157.09753399198
"2100","51540634",51.0260955496952
"2101","51540702",26.5965575137271
"2102","51546006",964.019819536845
"2103","51546007",518.285706883305
"2104","51546014",344.168045519135
"2105","51546016",626.472341341881
"2106","51547131",130.247758512722
"2107","51547132",130.247758512722
"2108","51547135",772.545203530939
"2109","51547136",772.545203530939
"2110","51547141",55.46303296739
"2111","51547142",55.46303296739
"2112","51547144",543.391466289236
"2113","51547167",588.07280517362
"2114","51547168",587.901911290595
"2115","51547172",379.945060283462
"2116","51547173",379.945060283462
"2117","51547175",240.981307636403
"2118","51547372",389.052303802012
"2119","51547385",450.358020725795
"2120","51547388",345.771175236702
"2121","51547389",512.275554199247
"2122","51547390",511.533193489824
"2123","51547395",462.111377871382
"2124","51547403",785.538013756125
"2125","51547417",656.423588211261
"2126","51547418",460.523118409664
"2127","51547423",303.851946113072
"2128","51547426",242.331114793172
"2129","51547427",284.519102368655
"2130","51547428",284.519102368655
"2131","51547430",508.515013566303
"2132","51547438",12.5461752240733
"2133","51547440",113.979181401225
"2134","51547442",225.341374333422
"2135","51547446",475.319249085721
"2136","51547448",106.57775474179
"2137","51547449",195.817972695507
"2138","51547450",195.817972695507
"2139","51547451",335.94743439627
"2140","51547452",278.069959058928
"2141","51547453",278.069959058928
"2142","51547454",689.789859388665
"2143","51547455",689.789859388665
"2144","51547456",692.72830105828
"2145","51547458",771.422137269786
"2146","51547461",547.165744937019
"2147","51547463",494.52659437054
"2148","51547465",360.017338489134
"2149","51547466",358.282028083361
"2150","51547467",357.417683310407
"2151","51547468",272.807297804267
"2152","51547476",329.954251485173
"2153","51547477",329.946091107125
"2154","51547478",329.946091107125
"2155","51547592",562.588617495937
"2156","51547593",523.438281146904
"2157","51547594",521.511780813201
"2158","51547708",165.914794053025
"2159","51547711",932.739307519931
"2160","51547712",942.141921565826
"2161","51547713",929.012799131493
"2162","51549178",162.774367154043
"2163","51549343",144.931957371245
"2164","51549347",128.084626115921
"2165","51549384",148.075263173249
"2166","51549398",165.261965565552
"2167","51549399",162.086093988801
"2168","51549401",162.086093988801
"2169","51549414",492.115500768561
"2170","51549415",487.683548336317
"2171","51549500",97.3668307117961
"2172","51549501",91.1146778345313
"2173","51549533",546.331886597497
"2174","51549637",213.236224138012
"2175","51549640",226.886396138525
"2176","51549642",313.789999084529
"2177","51549648",69.695059350149
"2178","51549718",183.873889336607
"2179","51549721",188.236765617496
"2180","51549722",98.7715386559099
"2181","51549730",185.826173706554
"2182","51549731",67.264461955397
"2183","51549736",142.988246579949
"2184","51549738",101.63931581167
"2185","51549739",168.559803528637
"2186","51557289",303.55426129898
"2187","51557704",226.334293601463
"2188","52393650",111.630351832798
"2189","52393651",243.30409311017
"2190","52393652",388.116834745186
"2191","52393653",72.077301781217
"2192","52393655",66.8461646576333
"2193","52393656",427.797607324198
"2194","52400003",185.437116694108
"2195","52400005",560.150879205857
"2196","52400749",498.787374101613
"2197","52400750",621.204786015603
"2198","52400751",620.661554505718
"2199","52400752",314.742415859966
"2200","52400762",42.9071552840514
"2201","52400764",117.282469000226
"2202","52400765",1145.18398555149
"2203","52403657",618.125910645068
"2204","52403658",188.354406186589
"2205","52403659",430.120066009775
"2206","52403660",410.018175085119
"2207","52403661",186.446772826581
"2208","52403662",103.303242248924
"2209","52403663",457.517252992535
"2210","52403664",912.744970180949
"2211","52403665",426.386910272033
"2212","52403666",232.358193733917
"2213","52403667",537.429440816299
"2214","52406006",504.532297637874
"2215","52406009",329.044250076817
"2216","52406011",180.19990527692
"2217","52406012",313.592136437709
"2218","52406015",206.589540641355
"2219","52406018",390.454280310347
"2220","52406019",443.28317779538
"2221","52406021",491.689204506108
"2222","52406022",235.296152740076
"2223","52406023",340.582082483964
"2224","52406024",71.1698826648284
"2225","52406025",461.371346275145
"2226","52410759",714.495188073596
"2227","52410760",521.942174752464
"2228","52410776",325.321914408771
"2229","52410799",627.765075216322
"2230","52410805",272.213637822943
"2231","52410935",304.742330442062
"2232","52411193",161.633982655638
"2233","52411234",73.3543194989888
"2234","52411518",687.895400286852
"2235","52411556",109.869622242308
"2236","52416007",57.1579684803983
"2237","52416011",660.296080016345
"2238","52416012",661.277538081387
"2239","52416013",479.471422408627
"2240","52416014",480.747581215424
"2241","52416016",432.488242017754
"2242","52416018",415.574629479034
"2243","52416019",486.677702525844
"2244","52416022",559.750430491069
"2245","52416024",671.75313028112
"2246","52416025",508.458726381533
"2247","52416029",131.115146526071
"2248","52416031",463.367048175993
"2249","52416032",443.954517586152
"2250","52420005",767.49219197785
"2251","52420801",96.1834790414925
"2252","52420802",507.284243661717
"2253","52420804",145.032971582441
"2254","52420809",427.304494846475
"2255","52420816",385.284348290738
"2256","52420829",307.28907845472
"2257","52426003",342.385214655592
"2258","52430018",183.274025468882
"2259","52431108",185.163288296139
"2260","52431157",270.185708799823
"2261","52433268",465.347611823605
"2262","52433269",430.200994299437
"2263","52433273",420.611258171788
"2264","52436001",137.933567862345
"2265","52436002",136.858603782938
"2266","52450001",625.130640387937
"2267","52456001",640.260952779027
"2268","52456002",641.238831757439
"2269","52460001",240.891194469782
"2270","52496001",215.640962301345
"2271","53370160",796.06579375811
"2272","53393668",55.4145633240166
"2273","53393669",526.716500382574
"2274","53393670",398.878517019399
"2275","53393671",651.770510801007
"2276","53400001",231.378731943447
"2277","53400002",371.446765973447
"2278","53401126",134.850044264323
"2279","53401235",235.226822404666
"2280","53403672",118.914929912782
"2281","53403673",528.222153977083
"2282","53403674",188.519267736518
"2283","53403675",341.472460291427
"2284","53403676",874.843283652569
"2285","53403677",233.895957679382
"2286","53403678",131.467570617337
"2287","53410001",260.824060194375
"2288","53410002",747.267825935207
"2289","53411065",179.082171068234
"2290","53411067",115.44492423345
"2291","53411069",522.212351523379
"2292","53416000",120.425064795429
"2293","53416002",2.99958544177576
"2294","53416003",173.37006686941
"2295","53416004",183.759054053359
"2296","53416005",0
"2297","53416006",204.156490213416
"2298","53416007",68.1842286078596
"2299","53416009",59.0545527791822
"2300","53416010",241.311896299016
"2301","53416011",24.5155533782843
"2302","53416012",0.433082808097186
"2303","5342UEW3",239.763229703308
"2304","53420826",625.395918841616
"2305","53420827",210.228915338371
"2306","53440005",1405.06075090338
"2307","53440007",1422.58004202772
"2308","53456001",461.391294306958
"2309","53456002",462.867993889274
"2310","53466001",580.221494473047
"2311","53466002",257.921404609358
"2312","53466003",254.677941850865
"2313","53466004",406.198978993306
"2314","54370001",92.9710302758029
"2315","54370002",313.769084747754
"2316","54370111",161.755540059315
"2317","54383678",392.963738215519
"2318","54383679",373.577258255505
"2319","54383680",55.2343574289425
"2320","54383682",156.684382090229
"2321","54390001",322.55756195798
"2322","54393683",38.9457357421089
"2323","54393684",291.213061799438
"2324","54393685",598.949005475189
"2325","54393686",673.593257924844
"2326","54393687",89.9819977550071
"2327","54393688",113.729116658655
"2328","54396001",571.945329034122
"2329","54396002",469.149477840552
"2330","54396003",457.600638332595
"2331","54396004",500.89048811151
"2332","54396005",670.919195970488
"2333","54396006",738.135669263509
"2334","54396007",748.234033857235
"2335","54396008",776.97626287059
"2336","54396009",538.01650406761
"2337","54396010",444.721622771405
"2338","54396011",431.870393634542
"2339","54396012",24.9788665535778
"2340","54396013",89.8278958366728
"2341","54396014",52.0872433613112
"2342","54396015",60.2446002643587
"2343","54396016",151.189316876119
"2344","54400003",217.16857926518
"2345","54403689",256.872563533619
"2346","54403690",728.372961875791
"2347","54403691",11.0059927324154
"2348","54403692",281.264663538484
"2349","54403693",1523.3702381822
"2350","54403694",454.185412957785
"2351","54413645",67.5496721129203
"2352","54420001",90.3804623560427
"2353","54420004",314.796641674773
"2354","5445MOO1",557.38129113821
"2355","5445MOO2",557.769739083878
"2356","5445MOO3",577.956633371005
"2357","5445MOO4",588.951260625195
"2358","5445MOO5",606.999068614498
"2359","5445MOO6",576.858220657653
"2360","5445MOO7",727.25986194019
"2361","5445MOO8",733.747874726193
"2362","5445MOO9",414.285955696321
"2363","55373695",92.4032696921732
"2364","55383696",583.907787174151
"2365","55383697",254.634661115888
"2366","55383698",84.3502758313958
"2367","55390001",281.195310547903
"2368","55390002",637.75230931837
"2369","55390003",652.487054337202
"2370","55393699",240.332568314466
"2371","55393701",239.099927409915
"2372","55393702",499.957371846359
"2373","55400001",366.175398389114
"2374","55403703",939.003532403016
"2375","55410003",715.377555389171
"2376","55410004",862.282888740401
"2377","55410005",512.540324878699
"2378","55410006",965.082081887495
"2379","55430001",1115.17417610573
"2380","56383704",1127.38296695838
"2381","4342E5100",334.580656253437
"2382","4439E6279",184.566103577069
"2383","4440B5658",85.9777430135322
"2384","4441E0264",673.640715047964
"2385","4451B6018",290.676671648237
"2386","4451B6053",227.156544070714
"2387","4451B6085",192.528551517753
"2388","56393705",570.682311309918
"2389","56393706",638.053448066824
"2390","56393707",715.942147315523
"2391","56393708",678.101604849456
"2392","56393709",564.593993645541
"2393","56393710",588.120462367616
"2394","56393711",84.2438010129726
"2395","56393712",167.004293053575
"2396","56401226",140.904038321537
"2397","57390002",307.180406410327
"2398","57396002",1168.08996560659
"2399","57400001",763.197773165105
"2400","57400002",390.509244890714
"2401","4452B4597",542.57565355051
"2402","4452B4607",1155.44101340067
"2403","4452B4806",695.345306966373
"2404","4453B4234",741.262250350703
"2405","4453B4540",373.713563699747
"2406","4453B4672",615.297396091399
"2407","4453B5631",505.902812160646
"2408","4453B5632",502.801382027772
"2409","4454B0080",410.31751864685
"2410","4454B0088",1273.26807206685
"2411","4454B0089",1272.20878489462
"2412","4454B0135",1870.79581250392
"2413","4454B0136",1870.80225048572
"2414","4454B0165",294.533340862828
"2415","4454B0168",301.674130395634
"2416","4553B4537",2054.61376731925
"2417","4553B4539",501.10350386769
"2418","4553B4813",841.406122777419
"2419","4554B0022",2149.87007490553
"2420","4554B0036",2494.78517611771
"2421","4554B0038",2105.9548564652
"2422","4554B0039",2105.9548564652
"2423","4554B3426",511.953201278249
"2424","4554B3631",2428.59078291849
"2425","4554B3701",239.650083426127
"2426","4554B3714",1672.02291461567
"2427","4554B4163",779.38876107569
"2428","4554B4483",150.478261463265
"2429","4554B4484",151.960126266708
"2430","4554B4719",2438.10021392468
"2431","4554B4778",3660.17869322003
"2432","4555B0053",998.417691365563
"2433","4555B0066",309.303239150097
"2434","4555B0073",370.310979725752
"2435","4555B0100",478.668002810532
"2436","4555B0110",4079.38901619881
"2437","4555B0112",10.8919743702854
"2438","4555B0140",678.891179621388
"2439","4555B0141",678.891179621388
"2440","4555B0148",306.508751126708
"2441","4555B0149",306.552000897164
"2442","4555B3668",1950.8059655352
"2443","4555B3669",1182.40415978195
"2444","4555B3683",1123.51680217494
"2445","4555B3688",329.091922658998
"2446","4639E0101",109.133364675701
"2447","4640E0208",989.696535386619
"2448","46410013K",1365.03124781474
"2449","4644E0536",127.265151685928
"2450","4645E4034",586.713801694402
"2451","4653B3724",1020.99294689952
"2452","4653B6075",412.933700830066
"2453","4654B3690",937.087751810525
"2454","4654B3691",937.929789782585
"2455","4654B3692",938.676743086655
"2456","4654B4006",677.669712281694
"2457","4654B4024",289.960698999043
"2458","4654B4056",163.401735042458
"2459","4654B4057",163.401735042458
"2460","4654B4138",876.901554079021
"2461","4654B4154",442.862698136842
"2462","4654B4196",246.812261678836
"2463","4654B4208",873.038649761811
"2464","4654B4238",405.750684309581
"2465","4654B4239",405.750684309581
"2466","4654B4314",750.334532166739
"2467","4654B4315",750.334532166739
"2468","4654B4524",1362.37457692476
"2469","4654B4525",1362.37457692476
"2470","4655B4173",1148.3619144001
"2471","4655B4194",76.1477310567348
"2472","4655B4195",76.1569454447342
"2473","4655B4263",1864.04686365978
"2474","4739E1295",380.167414368819
"2475","47391476a",193.494808581097
"2476","4740B0222",259.371765717253
"2477","47410003s",311.88782028948
"2478","47410102g",290.886022986005
"2479","47410214a",1902.62293801613
"2480","47410405a",225.14867525412
"2481","4741B1_II",704.049777358432
"2482","4741P11_1",420.413649677942
"2483","4741P11_2",420.478856402621
"2484","4742E0478",251.04577810453
"2485","4746E6022",812.691315392098
"2486","4840B5000",108.852889897151
"2487","48400002a",113.582747927119
"2488","48410001a",270.183296960872
"2489","4847E6239",1610.04187598504
"2490","4855B1253",1246.42482835405
"2491","4855B1592",246.02812138405
"2492","4855B1593",244.918195121664
"2493","4855B1630",157.891320498323
"2494","4855B1631",136.45792381235
"2495","4855B1670",452.380415087918
"2496","4855B1671",431.390329136723
"2497","4855B2056",281.723415925835
"2498","4947E6129",398.931642234254
"2499","4948E3538",167.606316938959
"2500","494868771",116.300665598872
"2501","4955B1600",131.252648579767
"2502","4955B1601",131.769224392324
"2503","4955B1640",657.859329788864
"2504","4955B1641",625.550212074465
"2505","4955B1865",215.853030799728
"2506","4955B1891",320.538116631692
"2507","4955B2563",382.443556735085
"2508","5051E3360",351.174471153329
"2509","5142S0001",340.305146712087
"2510","5143S0001",71.4370934269031
"2511","5143S0002",184.15638886059
"2512","5143S0003",188.28283717297
"2513","5143S0004",393.838967922251
"2514","5143S0005",395.213228918713
"2515","5143S0006",64.9638094403957
"2516","5143S0007",379.588024601427
"2517","5143S0008",242.309405813323
"2518","5143S0009",212.451456884138
"2519","5143S0010",250.195809548067
"2520","5143S0012",418.588398764376
"2521","43429730_1",697.973871356878
"2522","5143S0015",117.974648488087
"2523","5143S0017",482.229686149811
"2524","5143S0018",371.121891373524
"2525","5143S0020",370.967713692384
"2526","5143S0021",59.5772477570758
"2527","5143S0023",428.86936185999
"2528","5143S0024",294.091330426243
"2529","5143S0025",172.54507214188
"2530","5143S0026",281.460350717711
"2531","5143S0027",164.977634513863
"2532","5143S0040",1135.06719743174
"2533","5143S0042",852.252573406696
"2534","5143S0043",672.111593222746
"2535","5143S0044",673.155885095196
"2536","5143S0045",673.961966201799
"2537","5243S0002",538.813233434034
"2538","5243S0003",781.29771242423
"2539","5445MOO10",1783.10191970278
"2540","5445MOO11",1833.22662716853
"2541","43429730_2",697.973871356878
"2542","43440002_2",1556.02524131862
"2543","4439ST0001",1919.56805854463
"2544","4439ST0104",2439.22796376043
"2545","44390376_1",567.827099717298
"2546","44390376_2",567.827099717298
"2547","44392976_1",331.181038387091
"2548","44392976_2",331.181038387091
"2549","44392976_3",331.181038387091
"2550","44400323_1",681.254875330127
"2551","44400323_2",681.254875330127
"2552","44400361_1",1404.9063890866
"2553","44400361_2",1404.9063890866
"2554","44400865_1",1325.53475488356
"2555","44400865_2",1325.53475488356
"2556","44400865_3",1325.53475488356
"2557","44401266_1",1433.51047128417
"2558","44401266_2",1433.51047128417
"2559","44401566_1",634.010143682822
"2560","44401566_2",634.010143682822
"2561","44401566_3",634.010143682822
"2562","44402666_1",644.580278703539
"2563","44402666_2",644.580278703539
"2564","44402666_3",644.580278703539
"2565","44402666_4",644.580278703539
"2566","44403366_1",909.054437906173
"2567","44403366_2",909.054437906173
"2568","44403366_3",909.054437906173
"2569","44405267_1",364.815714901263
"2570","44405267_2",356.779458961871
"2571","44410264_1",655.74714051126
"2572","44410264_2",655.74714051126
"2573","44410264_3",655.74714051126
"2574","44410322_1",660.83758106669
"2575","44410322_2",660.83758106669
"2576","44410382_1",1174.2649684146
"2577","44410382_2",1174.2649684146
"2578","44410506_1",714.642229268738
"2579","44410506_2",714.642229268738
"2580","44410506_4",714.642229268738
"2581","44411766_1",209.003522519647
"2582","44411766_2",209.003522519647
"2583","44411766_3",209.003522519647
"2584","44416067_1",1198.01379158829
"2585","44416067_2",1198.01379158829
"2586","44416167_1",1502.11099852989
"2587","44416167_2",1502.11099852989
"2588","44416167_3",1502.11099852989
"2589","44416268_1",663.202017400304
"2590","44416268_2",663.202017400304
"2591","44416468_1",961.577550396372
"2592","44416468_2",961.577550396372
"2593","44424567_1",1915.10413717339
"2594","44424567_2",1915.10413717339
"2595","44424567_3",1915.10413717339
"2596","44424767_1",1767.23366191975
"2597","44424767_2",1767.23366191975
"2598","44424767_3",1767.23366191975
"2599","44424767_4",1767.23366191975
"2600","44425367_1",976.790676870843
"2601","44425367_2",976.790676870843
"2602","44425367_3",976.790676870843
"2603","44425367_4",976.790676870843
"2604","44430034_1",659.232645833983
"2605","44440102_1",432.018011873899
"2606","4454P00001",740.25220534392
"2607","4454P00002",160.056057556388
"2608","4454P00003",2053.68332047775
"2609","45390536_1",674.70216884822
"2610","45390536_2",674.70216884822
"2611","45400022_1",876.722859922703
"2612","45400022_2",876.722859922703
"2613","45400022_3",876.722859922703
"2614","45400048_1",851.441844252417
"2615","45400048_2",851.441844252417
"2616","45410001_1",287.939910660008
"2617","45410001_2",287.939910660008
"2618","45411587_1",1020.82224123903
"2619","45411587_2",1020.82224123903
"2620","45412066_1",162.780975078624
"2621","45412066_2",162.780975078624
"2622","45412066_3",162.780975078624
"2623","45440300_2",646.107054923513
"2624","45450001_2",594.227562787077
"2625","45503801_1",1544.21085761797
"2626","4555P00004",1280.96183564682
"2627","4555P00005",1524.70845005847
"2628","4555P00006",1552.9786471951
"2629","4555P00007",910.001471041706
"2630","4555P00008",545.769767900197
"2631","4555P00009",535.046746068728
"2632","4555P00010",334.850203590838
"2633","4555P00011",206.56786134749
"2634","4555P00013",1948.09700848766
"2635","4555P00014",2171.92646071868
"2636","4555P00015",41.8485767536228
"2637","4555P00017",490.679688667999
"2638","4555P00018",0
"2639","4555P00019",240.644761263449
"2640","4555P00020",133.528968596877
"2641","46390025_1",466.544952205525
"2642","46390025_2",466.544952205525
"2643","46390117_1",22.7927037005302
"2644","46390117_2",22.7927037005302
"2645","46390382_1",606.699146090567
"2646","46390382_2",606.699146090567
"2647","46392245_1",444.253686036041
"2648","46392245_2",444.253686036041
"2649","46392295_1",774.709814498251
"2650","46392295_2",774.709814498251
"2651","46392764_1",1106.40497282104
"2652","46392764_2",1106.40497282104
"2653","46400030_2",248.995631180397
"2654","46400072_2",754.356179892497
"2655","46400116_1",49.0933000643472
"2656","46400116_2",49.0933000643472
"2657","46400161_1",109.308871435177
"2658","46400183_1",340.663476632905
"2659","46400183_2",340.663476632905
"2660","46401505_1",17.9086941797032
"2661","46401505_2",17.9086941797032
"2662","46401511_1",463.737202526004
"2663","46401511_2",464.553867254562
"2664","46401516_1",469.881171537112
"2665","46401517_1",211.852728452413
"2666","46401517_2",211.852728452413
"2667","46402234_1",251.769386812182
"2668","46402234_2",251.769386812182
"2669","46402603_1",730.300382449026
"2670","46402603_2",730.300382449026
"2671","46402805_1",261.82859701927
"2672","46402805_2",268.641449994265
"2673","46402811_2",244.702829000745
"2674","46410001_4",1159.99666195197
"2675","46412000_1",184.601421609853
"2676","46412000_2",184.601421609853
"2677","46466050_1",346.5835889983
"2678","46516601_1",661.809719218166
"2679","4655P00021",523.680727370104
"2680","4655P00022",423.260179510792
"2681","4655P00023",171.228603869285
"2682","47391686_1",372.232326697302
"2683","47391686_2",372.232326697302
"2684","4740B28261",60.0604331169132
"2685","47400006_1",648.73835571856
"2686","47400006_2",648.73835571856
"2687","47400013_1",238.892167821782
"2688","47400013_2",238.892167821782
"2689","47402780_2",229.300923625075
"2690","47403286_1",467.634585684197
"2691","47403286_2",467.634585684197
"2692","47403354_1",268.243420306104
"2693","47403354_2",268.243420306104
"2694","474100B4_2",1120.10222169332
"2695","474100B5_2",1520.39067106936
"2696","474100B6_1",807.079002114785
"2697","47410002_1",763.897475382735
"2698","47410012_1",1683.70469582359
"2699","47410025_1",1369.42967113429
"2700","47410025_2",1369.08450169542
"2701","4741W038_1",161.392919000362
"2702","4741W038_2",158.471967673439
"2703","4741W039_1",383.373770336628
"2704","4741W039_2",384.680412831261
"2705","47410B21_1",852.24351669192
"2706","47410B22_1",855.230083967917
"2707","47410470_1",664.252532031842
"2708","47410470_2",664.252532031842
"2709","47420001_1",264.754487700847
"2710","47420001_2",264.754487700847
"2711","47430301_1",1725.64782069538
"2712","47430301_2",1725.64782069538
"2713","47430401_1",1684.55490690253
"2714","47430401_2",1684.55490690253
"2715","48400049_1",540.658014110431
"2716","48400049_2",540.658014110431
"2717","4841B51031",308.427688967338
"2718","48410001_1",270.183296960872
"2719","48420001_5",484.870034429596
"2720","48420001_6",1285.72467666538
"2721","48466901_2",259.99337620621
"2722","48476315_1",1026.44223224536
"2723","48477015_1",698.482152370383
"2724","48510001_2",205.715722806094
"2725","4941B50831",465.625927791336
"2726","49480644_2",346.89952298515
"2727","49485475_3",408.30414460022
"2728","49486601_1",321.803662471916
"2729","49486601_2",320.436885439419
"2730","49486609_1",431.533546544536
"2731","49486616_1",403.159125616404
"2732","49487007_3",1217.58546554836
"2733","49487025_1",99.0091912369389
"2734","49487034_3",959.493920874389
"2735","49487038_2",977.513688692097
"2736","49487042_1",805.374554229691
"2737","49487741_2",643.580649090016
"2738","49490001_1",715.49956032661
"2739","49496703_3",854.374442839156
"2740","49496704_3",737.287723966636
"2741","50486201_1",626.972611431244
"2742","50496157_2",195.428120436268
"2743","50496159_2",17.3240348634298
"2744","5055P00012",30.9285034442324
"2745","5055P00020",271.280946265844
"2746","5055P00021",23.9431982124742
"2747","5055P00022",1077.97328083356
"2748","5055P00023",513.719140508155
"2749","51516006_1",460.874202821396
"2750","51516006_2",460.874202821396
"2751","51516006_3",460.874202821396
"2752","51549059_2",313.480660642264
"2753","51549059_3",313.480660642264
"2754","51549093_3",162.688045321231
"2755","51549541_1",31.5000891491584
"2756","51549541_2",31.5000891491584
"2757","51549724_1",132.102021910847
"2758","51549724_2",132.102021910847
"2759","51549728_1",38.8107227487105
"2760","51549728_2",38.8107227487105
"2761","45450001_1a",594.227562787077
"2762","4839B600071",62.2084850421295
"2763","494811976_3",160.335613515829
"2764","504200000001",389.938024512116
"2765","504600000019",1091.22406323523
"2766","504600000020",1113.31585998492
"2767","504600000026",865.37600563402
"2768","504600000027",928.291960170013
"2769","5055P00001_1",99.5379775772101
"2770","5055P00001_2",99.5379775772101
"2771","5055P00003_1",44.9081446652233
"2772","5055P00003_2",44.9081446652233
"2773","5055P00005_1",115.04852471281
"2774","5055P00005_2",115.04852471281
"2775","5055P00005_3",115.04852471281
"2776","5055P00006_1",108.281710791648
"2777","5055P00006_2",108.281710791648
"2778","5055P00006_3",108.281710791648
"2779","53460003_1",17.5749481447323
"2780","55380001_1",468.207543144511
"2781","5055P00007_1",174.507482879034
"2782","5055P00007_2",174.507482879034
"2783","5055P00007_3",174.507482879034
"2784","5055P00007_4",174.507482879034
"2785","5055P00008_1",146.315009307055
"2786","5055P00008_2",146.315009307055
"2787","5055P00008_3",146.315009307055
"2788","5055P00009_1",115.542812971176
"2789","5055P00009_2",115.542812971176
"2790","5055P00010_1",4.63220884020895
"2791","5055P00010_2",4.63220884020895
"2792","5055P00011_1",26.7570904158315
"2793","5055P00011_2",26.7570904158315
"2794","5055P00016_1",193.43794200564
"2795","5055P00016_2",193.43794200564
"2796","5055P00016_3",193.43794200564
"2797","5055P00018_1",128.638926654937
"2798","5055P00018_2",128.638926654937
"2799","5155P00017_1",266.977506245589
"2800","5155P00017_2",266.977506245589
"2801","5155P00017_3",266.977506245589
"2802","5155P00020_1",294.648992949925
"2803","5155P00020_2",294.648992949925
"2804","5155P00020_3",294.648992949925
"2805","5155P00020_4",294.648992949925
"2806","5155P00021_1",557.394186219797
"2807","5155P00021_2",557.394186219797
